id,sessions,transaction_date,amount_incured,shortcode_id,is_report_available,path_report
1319,26978,2019-11-26,107912.00,60,1,0be3d9b6-111a-11ea-88f6-005056919f70.csv
1318,2498,2019-11-26,9992.00,55,1,0bdec4da-111a-11ea-88f6-005056919f70.csv
1317,75,2019-11-26,300.00,54,1,0bdb1eac-111a-11ea-88f6-005056919f70.csv
1316,8,2019-11-26,32.00,51,1,0bd68298-111a-11ea-88f6-005056919f70.csv
1315,2344,2019-11-26,9376.00,50,1,0bd143aa-111a-11ea-88f6-005056919f70.csv
1314,40374,2019-11-26,161496.00,49,1,0bbdba1a-111a-11ea-88f6-005056919f70.csv
1313,287088,2019-11-26,1148352.00,48,1,0b22df7c-111a-11ea-88f6-005056919f70.csv
1312,219093,2019-11-26,876372.00,47,1,0aae3f00-111a-11ea-88f6-005056919f70.csv
1311,587,2019-11-26,2348.00,46,1,0aa97c5e-111a-11ea-88f6-005056919f70.csv
1310,774717,2019-11-26,3098868.00,45,1,089b6a58-111a-11ea-88f6-005056919f70.csv
1309,75910,2019-11-26,303640.00,44,1,086628a2-111a-11ea-88f6-005056919f70.csv
1308,448232,2019-11-26,1792928.00,43,1,07bd539e-111a-11ea-88f6-005056919f70.csv
1307,62385,2019-11-26,249540.00,42,1,078f87e8-111a-11ea-88f6-005056919f70.csv
1306,82672,2019-11-26,330688.00,41,1,076ad164-111a-11ea-88f6-005056919f70.csv
1305,136818,2019-11-26,547272.00,40,1,06d70b0a-111a-11ea-88f6-005056919f70.csv
1304,51411,2019-11-26,205644.00,39,1,06b788de-111a-11ea-88f6-005056919f70.csv
1303,97577,2019-11-26,390308.00,38,1,0685eac2-111a-11ea-88f6-005056919f70.csv
1302,803283,2019-11-26,3213132.00,37,1,04b64746-111a-11ea-88f6-005056919f70.csv
1301,88016,2019-11-26,352064.00,36,1,0481c110-111a-11ea-88f6-005056919f70.csv
1300,271,2019-11-26,1084.00,35,1,047d96e4-111a-11ea-88f6-005056919f70.csv
1299,27861,2019-11-26,111444.00,34,1,046c1518-111a-11ea-88f6-005056919f70.csv
1298,262819,2019-11-26,1051276.00,17,1,03e0e4d4-111a-11ea-88f6-005056919f70.csv
1297,250,2019-11-26,1000.00,15,1,03d5fefc-111a-11ea-88f6-005056919f70.csv
1296,1,2019-11-25,4.00,59,1,e1d1b52c-1050-11ea-b574-005056919f70.csv
1295,19,2019-11-25,76.00,58,1,e1cc3e30-1050-11ea-b574-005056919f70.csv
1294,2,2019-11-25,8.00,57,1,e1c71c70-1050-11ea-b574-005056919f70.csv
1293,1,2019-11-25,4.00,56,1,e1c121f8-1050-11ea-b574-005056919f70.csv
1292,2477,2019-11-25,9908.00,55,1,e1ba846a-1050-11ea-b574-005056919f70.csv
1291,338,2019-11-25,1352.00,54,1,e1b4beea-1050-11ea-b574-005056919f70.csv
1290,62,2019-11-25,248.00,51,1,e1af3d8a-1050-11ea-b574-005056919f70.csv
1289,86,2019-11-25,344.00,50,1,e1aa39de-1050-11ea-b574-005056919f70.csv
1288,47470,2019-11-25,189880.00,49,1,e1550374-1050-11ea-b574-005056919f70.csv
1287,247885,2019-11-25,991540.00,48,1,e0c4bbfc-1050-11ea-b574-005056919f70.csv
1286,182078,2019-11-25,728312.00,47,1,e05aab0e-1050-11ea-b574-005056919f70.csv
1285,437,2019-11-25,1748.00,46,1,e0551a36-1050-11ea-b574-005056919f70.csv
1284,612575,2019-11-25,2450300.00,45,1,de8f2f84-1050-11ea-b574-005056919f70.csv
1283,53512,2019-11-25,214048.00,44,1,de691cc2-1050-11ea-b574-005056919f70.csv
1282,397324,2019-11-25,1589296.00,43,1,ddb585a4-1050-11ea-b574-005056919f70.csv
1281,63215,2019-11-25,252860.00,42,1,dd898878-1050-11ea-b574-005056919f70.csv
1280,70455,2019-11-25,281820.00,41,1,dd664732-1050-11ea-b574-005056919f70.csv
1279,115206,2019-11-25,460824.00,40,1,dc7fca28-1050-11ea-b574-005056919f70.csv
1278,44563,2019-11-25,178252.00,39,1,dc5cc8e8-1050-11ea-b574-005056919f70.csv
1277,85209,2019-11-25,340836.00,38,1,dc2d6210-1050-11ea-b574-005056919f70.csv
1276,662670,2019-11-25,2650680.00,37,1,da4ec452-1050-11ea-b574-005056919f70.csv
1275,59246,2019-11-25,236984.00,36,1,da2a93ac-1050-11ea-b574-005056919f70.csv
1274,55,2019-11-25,220.00,35,1,da244592-1050-11ea-b574-005056919f70.csv
1273,15758,2019-11-25,63032.00,34,1,da179d10-1050-11ea-b574-005056919f70.csv
1272,162538,2019-11-25,650152.00,17,1,d9999064-1050-11ea-b574-005056919f70.csv
1271,235,2019-11-25,940.00,15,1,d992e8d6-1050-11ea-b574-005056919f70.csv
1270,1,2019-11-24,4.00,56,1,b3e2916e-0f87-11ea-883d-005056919f70.csv
1269,460,2019-11-24,1840.00,55,1,b3dddb9c-0f87-11ea-883d-005056919f70.csv
1268,269,2019-11-24,1076.00,54,1,b3d90cac-0f87-11ea-883d-005056919f70.csv
1267,3,2019-11-24,12.00,53,1,b3d3b04a-0f87-11ea-883d-005056919f70.csv
1266,69,2019-11-24,276.00,51,1,b3ceaed8-0f87-11ea-883d-005056919f70.csv
1265,47,2019-11-24,188.00,50,1,b3c91e0a-0f87-11ea-883d-005056919f70.csv
1264,32059,2019-11-24,128236.00,49,1,b3b4c2a2-0f87-11ea-883d-005056919f70.csv
1263,179571,2019-11-24,718284.00,48,1,b34766a8-0f87-11ea-883d-005056919f70.csv
1262,185766,2019-11-24,743064.00,47,1,b2c5bc5c-0f87-11ea-883d-005056919f70.csv
1261,365,2019-11-24,1460.00,46,1,b2c0fa28-0f87-11ea-883d-005056919f70.csv
1260,366485,2019-11-24,1465940.00,45,1,b1914cde-0f87-11ea-883d-005056919f70.csv
1259,37305,2019-11-24,149220.00,44,1,b174c884-0f87-11ea-883d-005056919f70.csv
1258,248310,2019-11-24,993240.00,43,1,b10c8dbe-0f87-11ea-883d-005056919f70.csv
1257,38791,2019-11-24,155164.00,42,1,b0ec7844-0f87-11ea-883d-005056919f70.csv
1256,48937,2019-11-24,195748.00,41,1,b0d37bbe-0f87-11ea-883d-005056919f70.csv
1255,77894,2019-11-24,311576.00,40,1,b0a472e2-0f87-11ea-883d-005056919f70.csv
1254,30482,2019-11-24,121928.00,39,1,b06a1c0a-0f87-11ea-883d-005056919f70.csv
1253,55351,2019-11-24,221404.00,38,1,b04be47e-0f87-11ea-883d-005056919f70.csv
1252,389246,2019-11-24,1556984.00,37,1,af5477f2-0f87-11ea-883d-005056919f70.csv
1251,41268,2019-11-24,165072.00,36,1,af375730-0f87-11ea-883d-005056919f70.csv
1250,98,2019-11-24,392.00,35,1,af315628-0f87-11ea-883d-005056919f70.csv
1249,11644,2019-11-24,46576.00,34,1,af24a176-0f87-11ea-883d-005056919f70.csv
1248,97604,2019-11-24,390416.00,17,1,aed4a86a-0f87-11ea-883d-005056919f70.csv
1247,210,2019-11-24,840.00,15,1,aecd83e6-0f87-11ea-883d-005056919f70.csv
1246,1,2019-11-23,4.00,56,1,8a15598a-0ebe-11ea-bb11-005056919f70.csv
1245,617,2019-11-23,2468.00,55,1,8a10c442-0ebe-11ea-bb11-005056919f70.csv
1244,310,2019-11-23,1240.00,54,1,8a0c3a4e-0ebe-11ea-bb11-005056919f70.csv
1243,47,2019-11-23,188.00,51,1,8a07ab8c-0ebe-11ea-bb11-005056919f70.csv
1242,43,2019-11-23,172.00,50,1,8a03611c-0ebe-11ea-bb11-005056919f70.csv
1241,26759,2019-11-23,107036.00,49,1,89f33a6c-0ebe-11ea-bb11-005056919f70.csv
1240,226185,2019-11-23,904740.00,48,1,8973b512-0ebe-11ea-bb11-005056919f70.csv
1239,146347,2019-11-23,585388.00,47,1,89216da2-0ebe-11ea-bb11-005056919f70.csv
1238,590,2019-11-23,2360.00,46,1,891c73e2-0ebe-11ea-bb11-005056919f70.csv
1237,502802,2019-11-23,2011208.00,45,1,87bc4662-0ebe-11ea-bb11-005056919f70.csv
1236,43119,2019-11-23,172476.00,44,1,879c2b98-0ebe-11ea-bb11-005056919f70.csv
1235,366682,2019-11-23,1466728.00,43,1,87000c18-0ebe-11ea-bb11-005056919f70.csv
1234,42481,2019-11-23,169924.00,42,1,86dffaf4-0ebe-11ea-bb11-005056919f70.csv
1233,61535,2019-11-23,246140.00,41,1,86c41a8c-0ebe-11ea-bb11-005056919f70.csv
1232,93634,2019-11-23,374536.00,40,1,868ba0ee-0ebe-11ea-bb11-005056919f70.csv
1231,39403,2019-11-23,157612.00,39,1,866f65a0-0ebe-11ea-bb11-005056919f70.csv
1230,67820,2019-11-23,271280.00,38,1,864d7d64-0ebe-11ea-bb11-005056919f70.csv
1229,542124,2019-11-23,2168496.00,37,1,8512e5ec-0ebe-11ea-bb11-005056919f70.csv
1228,50795,2019-11-23,203180.00,36,1,84f59e2e-0ebe-11ea-bb11-005056919f70.csv
1227,88,2019-11-23,352.00,35,1,84f0937a-0ebe-11ea-bb11-005056919f70.csv
1226,12640,2019-11-23,50560.00,34,1,84e6458c-0ebe-11ea-bb11-005056919f70.csv
1225,134404,2019-11-23,537616.00,17,1,847ca0aa-0ebe-11ea-bb11-005056919f70.csv
1224,241,2019-11-23,964.00,15,1,8476b2c6-0ebe-11ea-bb11-005056919f70.csv
1223,3,2019-11-22,12.00,56,1,61a35372-0df5-11ea-a6ba-005056919f70.csv
1222,1342,2019-11-22,5368.00,55,1,619ddb0e-0df5-11ea-a6ba-005056919f70.csv
1221,281,2019-11-22,1124.00,54,1,61995958-0df5-11ea-a6ba-005056919f70.csv
1220,5,2019-11-22,20.00,53,1,6194d91e-0df5-11ea-a6ba-005056919f70.csv
1219,95,2019-11-22,380.00,51,1,618f5232-0df5-11ea-a6ba-005056919f70.csv
1218,39,2019-11-22,156.00,50,1,6189d906-0df5-11ea-a6ba-005056919f70.csv
1217,38879,2019-11-22,155516.00,49,1,6171ec60-0df5-11ea-a6ba-005056919f70.csv
1216,315998,2019-11-22,1263992.00,48,1,60b689ac-0df5-11ea-a6ba-005056919f70.csv
1215,177362,2019-11-22,709448.00,47,1,604277e2-0df5-11ea-a6ba-005056919f70.csv
1214,765,2019-11-22,3060.00,46,1,603c56b4-0df5-11ea-a6ba-005056919f70.csv
1213,792990,2019-11-22,3171960.00,45,1,5e2a7f2c-0df5-11ea-a6ba-005056919f70.csv
1212,54724,2019-11-22,218896.00,44,1,5e00351e-0df5-11ea-a6ba-005056919f70.csv
1211,475687,2019-11-22,1902748.00,43,1,5d2d523e-0df5-11ea-a6ba-005056919f70.csv
1210,43072,2019-11-22,172288.00,42,1,5d0d82c4-0df5-11ea-a6ba-005056919f70.csv
1209,71844,2019-11-22,287376.00,41,1,5cec5c2a-0df5-11ea-a6ba-005056919f70.csv
1208,124592,2019-11-22,498368.00,40,1,5c9d3d0c-0df5-11ea-a6ba-005056919f70.csv
1207,47754,2019-11-22,191016.00,39,1,5c79b2a6-0df5-11ea-a6ba-005056919f70.csv
1206,98440,2019-11-22,393760.00,38,1,5c4c15ee-0df5-11ea-a6ba-005056919f70.csv
1205,665218,2019-11-22,2660872.00,37,1,5ad5b120-0df5-11ea-a6ba-005056919f70.csv
1204,73853,2019-11-22,295412.00,36,1,5aa6fd80-0df5-11ea-a6ba-005056919f70.csv
1203,84,2019-11-22,336.00,35,1,5aa171a8-0df5-11ea-a6ba-005056919f70.csv
1202,16764,2019-11-22,67056.00,34,1,5a93bee6-0df5-11ea-a6ba-005056919f70.csv
1201,161041,2019-11-22,644164.00,17,1,5a0e2c4a-0df5-11ea-a6ba-005056919f70.csv
1200,206,2019-11-22,824.00,15,1,5a0772d8-0df5-11ea-a6ba-005056919f70.csv
1199,4,2019-11-21,16.00,56,1,35dcd980-0d2c-11ea-ae7a-005056919f70.csv
1198,692,2019-11-21,2768.00,55,1,35d785e8-0d2c-11ea-ae7a-005056919f70.csv
1197,183,2019-11-21,732.00,54,1,35d27cba-0d2c-11ea-ae7a-005056919f70.csv
1196,3,2019-11-21,12.00,53,1,35cdb0cc-0d2c-11ea-ae7a-005056919f70.csv
1195,72,2019-11-21,288.00,51,1,35c88444-0d2c-11ea-ae7a-005056919f70.csv
1194,21,2019-11-21,84.00,50,1,35c2679e-0d2c-11ea-ae7a-005056919f70.csv
1193,24283,2019-11-21,97132.00,49,1,35b41054-0d2c-11ea-ae7a-005056919f70.csv
1192,220557,2019-11-21,882228.00,48,1,3537544c-0d2c-11ea-ae7a-005056919f70.csv
1191,142017,2019-11-21,568068.00,47,1,34b4cd92-0d2c-11ea-ae7a-005056919f70.csv
1190,728,2019-11-21,2912.00,46,1,34af5e34-0d2c-11ea-ae7a-005056919f70.csv
1189,427019,2019-11-21,1708076.00,45,1,339052f6-0d2c-11ea-ae7a-005056919f70.csv
1188,39522,2019-11-21,158088.00,44,1,32c83c94-0d2c-11ea-ae7a-005056919f70.csv
1187,326358,2019-11-21,1305432.00,43,1,32347d6a-0d2c-11ea-ae7a-005056919f70.csv
1186,34059,2019-11-21,136236.00,42,1,3216ddc8-0d2c-11ea-ae7a-005056919f70.csv
1185,56652,2019-11-21,226608.00,41,1,31faa612-0d2c-11ea-ae7a-005056919f70.csv
1184,89354,2019-11-21,357416.00,40,1,31c5b56a-0d2c-11ea-ae7a-005056919f70.csv
1183,36374,2019-11-21,145496.00,39,1,31ad204a-0d2c-11ea-ae7a-005056919f70.csv
1182,109846,2019-11-21,439384.00,38,1,3178a39c-0d2c-11ea-ae7a-005056919f70.csv
1181,461835,2019-11-21,1847340.00,37,1,30647a9e-0d2c-11ea-ae7a-005056919f70.csv
1180,47208,2019-11-21,188832.00,36,1,3048ef68-0d2c-11ea-ae7a-005056919f70.csv
1179,39,2019-11-21,156.00,35,1,303eccf4-0d2c-11ea-ae7a-005056919f70.csv
1178,13332,2019-11-21,53328.00,34,1,30335144-0d2c-11ea-ae7a-005056919f70.csv
1177,117668,2019-11-21,470672.00,17,1,2fdbb2c2-0d2c-11ea-ae7a-005056919f70.csv
1176,192,2019-11-21,768.00,15,1,2fd19904-0d2c-11ea-ae7a-005056919f70.csv
1175,21,2019-11-20,84.00,56,1,0ba78396-0c63-11ea-bd92-005056919f70.csv
1174,1433,2019-11-20,5732.00,55,1,0ba2b78a-0c63-11ea-bd92-005056919f70.csv
1173,232,2019-11-20,928.00,54,1,0b9e1b30-0c63-11ea-bd92-005056919f70.csv
1172,2,2019-11-20,8.00,53,1,0b995ce4-0c63-11ea-bd92-005056919f70.csv
1171,54,2019-11-20,216.00,51,1,0b950a2c-0c63-11ea-bd92-005056919f70.csv
1170,58,2019-11-20,232.00,50,1,0b8fd138-0c63-11ea-bd92-005056919f70.csv
1169,21666,2019-11-20,86664.00,49,1,0b81a5cc-0c63-11ea-bd92-005056919f70.csv
1168,229700,2019-11-20,918800.00,48,1,0aee8c10-0c63-11ea-bd92-005056919f70.csv
1167,170357,2019-11-20,681428.00,47,1,0a8ad8b4-0c63-11ea-bd92-005056919f70.csv
1166,699,2019-11-20,2796.00,46,1,0a85e4f8-0c63-11ea-bd92-005056919f70.csv
1165,513872,2019-11-20,2055488.00,45,1,09238e44-0c63-11ea-bd92-005056919f70.csv
1164,40393,2019-11-20,161572.00,44,1,0908610a-0c63-11ea-bd92-005056919f70.csv
1163,380110,2019-11-20,1520440.00,43,1,07f7a316-0c63-11ea-bd92-005056919f70.csv
1162,35484,2019-11-20,141936.00,42,1,07d991aa-0c63-11ea-bd92-005056919f70.csv
1161,61257,2019-11-20,245028.00,41,1,07bc32e0-0c63-11ea-bd92-005056919f70.csv
1160,104811,2019-11-20,419244.00,40,1,077d454e-0c63-11ea-bd92-005056919f70.csv
1159,44316,2019-11-20,177264.00,39,1,075e4130-0c63-11ea-bd92-005056919f70.csv
1158,112157,2019-11-20,448628.00,38,1,0728116e-0c63-11ea-bd92-005056919f70.csv
1157,558952,2019-11-20,2235808.00,37,1,05d89c2a-0c63-11ea-bd92-005056919f70.csv
1156,64899,2019-11-20,259596.00,36,1,05b3f514-0c63-11ea-bd92-005056919f70.csv
1155,34,2019-11-20,136.00,35,1,05ae1bb2-0c63-11ea-bd92-005056919f70.csv
1154,14618,2019-11-20,58472.00,34,1,05a1720e-0c63-11ea-bd92-005056919f70.csv
1153,132544,2019-11-20,530176.00,17,1,05441df2-0c63-11ea-bd92-005056919f70.csv
1152,215,2019-11-20,860.00,15,1,053cb242-0c63-11ea-bd92-005056919f70.csv
1151,22,2019-11-19,88.00,56,1,e1be4462-0b99-11ea-b1db-005056919f70.csv
1150,1003,2019-11-19,4012.00,55,1,e1b9ef7a-0b99-11ea-b1db-005056919f70.csv
1149,281,2019-11-19,1124.00,54,1,e1b5c602-0b99-11ea-b1db-005056919f70.csv
1148,67,2019-11-19,268.00,51,1,e1b0eb3c-0b99-11ea-b1db-005056919f70.csv
1147,66,2019-11-19,264.00,50,1,e1ac2002-0b99-11ea-b1db-005056919f70.csv
1146,21367,2019-11-19,85468.00,49,1,e19e01b6-0b99-11ea-b1db-005056919f70.csv
1145,219825,2019-11-19,879300.00,48,1,e11b7840-0b99-11ea-b1db-005056919f70.csv
1144,160596,2019-11-19,642384.00,47,1,e0925a1a-0b99-11ea-b1db-005056919f70.csv
1143,839,2019-11-19,3356.00,46,1,e08d5c4a-0b99-11ea-b1db-005056919f70.csv
1142,506882,2019-11-19,2027528.00,45,1,df2574fa-0b99-11ea-b1db-005056919f70.csv
1141,40260,2019-11-19,161040.00,44,1,df0a3cc6-0b99-11ea-b1db-005056919f70.csv
1140,371657,2019-11-19,1486628.00,43,1,dd5c3ae6-0b99-11ea-b1db-005056919f70.csv
1139,43168,2019-11-19,172672.00,42,1,dd38839e-0b99-11ea-b1db-005056919f70.csv
1138,61024,2019-11-19,244096.00,41,1,dd1b41ee-0b99-11ea-b1db-005056919f70.csv
1137,103232,2019-11-19,412928.00,40,1,dcdf900e-0b99-11ea-b1db-005056919f70.csv
1136,39503,2019-11-19,158012.00,39,1,dcc19734-0b99-11ea-b1db-005056919f70.csv
1135,74622,2019-11-19,298488.00,38,1,dc9ae1f2-0b99-11ea-b1db-005056919f70.csv
1134,517660,2019-11-19,2070640.00,37,1,db68de60-0b99-11ea-b1db-005056919f70.csv
1133,106802,2019-11-19,427208.00,36,1,db1df440-0b99-11ea-b1db-005056919f70.csv
1132,59,2019-11-19,236.00,35,1,db18a9fe-0b99-11ea-b1db-005056919f70.csv
1131,16351,2019-11-19,65404.00,34,1,db0950e4-0b99-11ea-b1db-005056919f70.csv
1130,131821,2019-11-19,527284.00,17,1,daafb606-0b99-11ea-b1db-005056919f70.csv
1129,284,2019-11-19,1136.00,15,1,daa9b378-0b99-11ea-b1db-005056919f70.csv
1128,21,2019-11-18,84.00,56,1,b72e9586-0ad0-11ea-a823-005056919f70.csv
1127,1435,2019-11-18,5740.00,55,1,b7292dd0-0ad0-11ea-a823-005056919f70.csv
1126,227,2019-11-18,908.00,54,1,b72541f2-0ad0-11ea-a823-005056919f70.csv
1125,43,2019-11-18,172.00,51,1,b7202212-0ad0-11ea-a823-005056919f70.csv
1124,47,2019-11-18,188.00,50,1,b71b7834-0ad0-11ea-a823-005056919f70.csv
1123,22608,2019-11-18,90432.00,49,1,b70b9a04-0ad0-11ea-a823-005056919f70.csv
1122,252425,2019-11-18,1009700.00,48,1,b67eb38c-0ad0-11ea-a823-005056919f70.csv
1121,174915,2019-11-18,699660.00,47,1,b616e464-0ad0-11ea-a823-005056919f70.csv
1120,733,2019-11-18,2932.00,46,1,b610eb0e-0ad0-11ea-a823-005056919f70.csv
1119,569443,2019-11-18,2277772.00,45,1,b48b8d20-0ad0-11ea-a823-005056919f70.csv
1118,43722,2019-11-18,174888.00,44,1,b46c75c0-0ad0-11ea-a823-005056919f70.csv
1117,370090,2019-11-18,1480360.00,43,1,b35986be-0ad0-11ea-a823-005056919f70.csv
1116,37233,2019-11-18,148932.00,42,1,b33922c0-0ad0-11ea-a823-005056919f70.csv
1115,63010,2019-11-18,252040.00,41,1,b31a31b2-0ad0-11ea-a823-005056919f70.csv
1114,114878,2019-11-18,459512.00,40,1,b2d7d48e-0ad0-11ea-a823-005056919f70.csv
1113,43009,2019-11-18,172036.00,39,1,b2bba570-0ad0-11ea-a823-005056919f70.csv
1112,92675,2019-11-18,370700.00,38,1,b28c4e42-0ad0-11ea-a823-005056919f70.csv
1111,588026,2019-11-18,2352104.00,37,1,b1372422-0ad0-11ea-a823-005056919f70.csv
1110,81094,2019-11-18,324376.00,36,1,b106447e-0ad0-11ea-a823-005056919f70.csv
1109,45,2019-11-18,180.00,35,1,b1015d38-0ad0-11ea-a823-005056919f70.csv
1108,18324,2019-11-18,73296.00,34,1,b0f43752-0ad0-11ea-a823-005056919f70.csv
1107,133354,2019-11-18,533416.00,17,1,b09c6860-0ad0-11ea-a823-005056919f70.csv
1106,357,2019-11-18,1428.00,15,1,b096994e-0ad0-11ea-a823-005056919f70.csv
1105,362,2019-11-17,1448.00,55,1,8996a920-0a07-11ea-bfea-005056919f70.csv
1104,176,2019-11-17,704.00,54,1,8991bef6-0a07-11ea-bfea-005056919f70.csv
1103,52,2019-11-17,208.00,51,1,898c2fb8-0a07-11ea-bfea-005056919f70.csv
1102,51,2019-11-17,204.00,50,1,8987117c-0a07-11ea-bfea-005056919f70.csv
1101,11668,2019-11-17,46672.00,49,1,897cebac-0a07-11ea-bfea-005056919f70.csv
1100,138138,2019-11-17,552552.00,48,1,8929caee-0a07-11ea-bfea-005056919f70.csv
1099,103709,2019-11-17,414836.00,47,1,88e8e452-0a07-11ea-bfea-005056919f70.csv
1098,539,2019-11-17,2156.00,46,1,88e3d854-0a07-11ea-bfea-005056919f70.csv
1097,291232,2019-11-17,1164928.00,45,1,8815f4f2-0a07-11ea-bfea-005056919f70.csv
1096,27354,2019-11-17,109416.00,44,1,8801065a-0a07-11ea-bfea-005056919f70.csv
1095,215941,2019-11-17,863764.00,43,1,87a1fa0c-0a07-11ea-bfea-005056919f70.csv
1094,24494,2019-11-17,97976.00,42,1,878c3d66-0a07-11ea-bfea-005056919f70.csv
1093,40414,2019-11-17,161656.00,41,1,87781296-0a07-11ea-bfea-005056919f70.csv
1092,64319,2019-11-17,257276.00,40,1,87510246-0a07-11ea-bfea-005056919f70.csv
1091,24565,2019-11-17,98260.00,39,1,873dea58-0a07-11ea-bfea-005056919f70.csv
1090,48315,2019-11-17,193260.00,38,1,8723fe9a-0a07-11ea-bfea-005056919f70.csv
1089,300624,2019-11-17,1202496.00,37,1,86700304-0a07-11ea-bfea-005056919f70.csv
1088,31823,2019-11-17,127292.00,36,1,865bcc22-0a07-11ea-bfea-005056919f70.csv
1087,55,2019-11-17,220.00,35,1,86578144-0a07-11ea-bfea-005056919f70.csv
1086,11378,2019-11-17,45512.00,34,1,864eca0e-0a07-11ea-bfea-005056919f70.csv
1085,82076,2019-11-17,328304.00,17,1,860fa1bc-0a07-11ea-bfea-005056919f70.csv
1084,319,2019-11-17,1276.00,15,1,86093d0e-0a07-11ea-bfea-005056919f70.csv
1083,1,2019-11-16,4.00,56,1,6073d5be-093e-11ea-aaa8-005056919f70.csv
1082,725,2019-11-16,2900.00,55,1,606ef9b8-093e-11ea-aaa8-005056919f70.csv
1081,280,2019-11-16,1120.00,54,1,606a27b2-093e-11ea-aaa8-005056919f70.csv
1080,41,2019-11-16,164.00,51,1,60651024-093e-11ea-aaa8-005056919f70.csv
1079,51,2019-11-16,204.00,50,1,6060714a-093e-11ea-aaa8-005056919f70.csv
1078,16954,2019-11-16,67816.00,49,1,60522ea0-093e-11ea-aaa8-005056919f70.csv
1077,187423,2019-11-16,749692.00,48,1,5fe2821c-093e-11ea-aaa8-005056919f70.csv
1076,127795,2019-11-16,511180.00,47,1,5f9ba8ce-093e-11ea-aaa8-005056919f70.csv
1075,522,2019-11-16,2088.00,46,1,5f964988-093e-11ea-aaa8-005056919f70.csv
1074,387529,2019-11-16,1550116.00,45,1,5e426bfc-093e-11ea-aaa8-005056919f70.csv
1073,36327,2019-11-16,145308.00,44,1,5e26e242-093e-11ea-aaa8-005056919f70.csv
1072,310168,2019-11-16,1240672.00,43,1,5da0ef98-093e-11ea-aaa8-005056919f70.csv
1071,27802,2019-11-16,111208.00,42,1,5d8897ae-093e-11ea-aaa8-005056919f70.csv
1070,50735,2019-11-16,202940.00,41,1,5d6eac9a-093e-11ea-aaa8-005056919f70.csv
1069,84581,2019-11-16,338324.00,40,1,5d39fc70-093e-11ea-aaa8-005056919f70.csv
1068,34233,2019-11-16,136932.00,39,1,5d218c58-093e-11ea-aaa8-005056919f70.csv
1067,66906,2019-11-16,267624.00,38,1,5cf82570-093e-11ea-aaa8-005056919f70.csv
1066,443233,2019-11-16,1772932.00,37,1,5be4d8ae-093e-11ea-aaa8-005056919f70.csv
1065,47420,2019-11-16,189680.00,36,1,5bc90e80-093e-11ea-aaa8-005056919f70.csv
1064,31,2019-11-16,124.00,35,1,5bc42604-093e-11ea-aaa8-005056919f70.csv
1063,16272,2019-11-16,65088.00,34,1,5bb70abe-093e-11ea-aaa8-005056919f70.csv
1062,100051,2019-11-16,400204.00,17,1,5b6ce984-093e-11ea-aaa8-005056919f70.csv
1061,402,2019-11-16,1608.00,15,1,5b6794b6-093e-11ea-aaa8-005056919f70.csv
1060,21,2019-11-05,84.00,51,1,8c3d27de-0099-11ea-a76b-005056919f70.csv
1059,17,2019-11-05,68.00,50,1,8c38d60c-0099-11ea-a76b-005056919f70.csv
1058,13212,2019-11-05,52848.00,49,1,8c2f0abe-0099-11ea-a76b-005056919f70.csv
1057,78389,2019-11-05,313556.00,48,1,8bfd1608-0099-11ea-a76b-005056919f70.csv
1056,58649,2019-11-05,234596.00,47,1,8bd963ca-0099-11ea-a76b-005056919f70.csv
1055,379,2019-11-05,1516.00,46,1,8bd534e4-0099-11ea-a76b-005056919f70.csv
1054,208771,2019-11-05,835084.00,45,1,8b453196-0099-11ea-a76b-005056919f70.csv
1053,19190,2019-11-05,76760.00,44,1,8b33717c-0099-11ea-a76b-005056919f70.csv
1052,119401,2019-11-05,477604.00,43,1,8b01b27c-0099-11ea-a76b-005056919f70.csv
1051,7243,2019-11-05,28972.00,42,1,8af4bd60-0099-11ea-a76b-005056919f70.csv
1050,26845,2019-11-05,107380.00,41,1,8ab97b88-0099-11ea-a76b-005056919f70.csv
1049,36184,2019-11-05,144736.00,40,1,8aa11b1a-0099-11ea-a76b-005056919f70.csv
1048,20245,2019-11-05,80980.00,39,1,8a923c94-0099-11ea-a76b-005056919f70.csv
1047,30625,2019-11-05,122500.00,38,1,8a80bc26-0099-11ea-a76b-005056919f70.csv
1046,273761,2019-11-05,1095044.00,37,1,89d12d56-0099-11ea-a76b-005056919f70.csv
1045,24255,2019-11-05,97020.00,36,1,89c025d8-0099-11ea-a76b-005056919f70.csv
1044,9,2019-11-05,36.00,35,1,89bad1e6-0099-11ea-a76b-005056919f70.csv
1043,8851,2019-11-05,35404.00,34,1,89b27a0a-0099-11ea-a76b-005056919f70.csv
1042,25856,2019-11-05,103424.00,17,1,898e5e36-0099-11ea-a76b-005056919f70.csv
1041,148,2019-11-05,592.00,15,1,89877238-0099-11ea-a76b-005056919f70.csv
1040,1,2019-11-04,4.00,53,1,670790f4-ffd0-11e9-bf68-005056919f70.csv
1039,83,2019-11-04,332.00,51,1,6703c032-ffd0-11e9-bf68-005056919f70.csv
1038,57,2019-11-04,228.00,50,1,66ff0218-ffd0-11e9-bf68-005056919f70.csv
1037,27952,2019-11-04,111808.00,49,1,66f07aea-ffd0-11e9-bf68-005056919f70.csv
1036,260082,2019-11-04,1040328.00,48,1,665c834e-ffd0-11e9-bf68-005056919f70.csv
1035,218514,2019-11-04,874056.00,47,1,65ea33d4-ffd0-11e9-bf68-005056919f70.csv
1034,1383,2019-11-04,5532.00,46,1,65e59c0c-ffd0-11e9-bf68-005056919f70.csv
1033,759461,2019-11-04,3037844.00,45,1,63f5048c-ffd0-11e9-bf68-005056919f70.csv
1032,75429,2019-11-04,301716.00,44,1,63c1921e-ffd0-11e9-bf68-005056919f70.csv
1031,439521,2019-11-04,1758084.00,43,1,623d320e-ffd0-11e9-bf68-005056919f70.csv
1030,67696,2019-11-04,270784.00,42,1,620d10ba-ffd0-11e9-bf68-005056919f70.csv
1029,99775,2019-11-04,399100.00,41,1,61e2f546-ffd0-11e9-bf68-005056919f70.csv
1028,136498,2019-11-04,545992.00,40,1,619ab6aa-ffd0-11e9-bf68-005056919f70.csv
1027,56570,2019-11-04,226280.00,39,1,61793494-ffd0-11e9-bf68-005056919f70.csv
1026,102471,2019-11-04,409884.00,38,1,614d9dde-ffd0-11e9-bf68-005056919f70.csv
1025,750203,2019-11-04,3000812.00,37,1,5fb5b40c-ffd0-11e9-bf68-005056919f70.csv
1024,86215,2019-11-04,344860.00,36,1,5f8dc208-ffd0-11e9-bf68-005056919f70.csv
1023,135,2019-11-04,540.00,35,1,5f88f2e6-ffd0-11e9-bf68-005056919f70.csv
1022,25262,2019-11-04,101048.00,34,1,5f7a82e2-ffd0-11e9-bf68-005056919f70.csv
1021,185462,2019-11-04,741848.00,17,1,5f082f58-ffd0-11e9-bf68-005056919f70.csv
1020,475,2019-11-04,1900.00,15,1,5ed5038a-ffd0-11e9-bf68-005056919f70.csv
1019,1,2019-11-03,4.00,53,1,398e11d0-ff07-11e9-a487-005056919f70.csv
1018,47,2019-11-03,188.00,51,1,39891db0-ff07-11e9-a487-005056919f70.csv
1017,81,2019-11-03,324.00,50,1,398449fc-ff07-11e9-a487-005056919f70.csv
1016,20724,2019-11-03,82896.00,49,1,397895d0-ff07-11e9-a487-005056919f70.csv
1015,198970,2019-11-03,795880.00,48,1,3901a826-ff07-11e9-a487-005056919f70.csv
1014,148727,2019-11-03,594908.00,47,1,38aedec0-ff07-11e9-a487-005056919f70.csv
1013,1047,2019-11-03,4188.00,46,1,38aa62a0-ff07-11e9-a487-005056919f70.csv
1012,486283,2019-11-03,1945132.00,45,1,3761a782-ff07-11e9-a487-005056919f70.csv
1011,55905,2019-11-03,223620.00,44,1,373bc10c-ff07-11e9-a487-005056919f70.csv
1010,321753,2019-11-03,1287012.00,43,1,36bc19a2-ff07-11e9-a487-005056919f70.csv
1009,37202,2019-11-03,148808.00,42,1,369e8842-ff07-11e9-a487-005056919f70.csv
1008,76947,2019-11-03,307788.00,41,1,367d145a-ff07-11e9-a487-005056919f70.csv
1007,109993,2019-11-03,439972.00,40,1,3640048e-ff07-11e9-a487-005056919f70.csv
1006,38598,2019-11-03,154392.00,39,1,3625b84a-ff07-11e9-a487-005056919f70.csv
1005,70821,2019-11-03,283284.00,38,1,360206ca-ff07-11e9-a487-005056919f70.csv
1004,496135,2019-11-03,1984540.00,37,1,34e565c0-ff07-11e9-a487-005056919f70.csv
1003,59631,2019-11-03,238524.00,36,1,34c57c88-ff07-11e9-a487-005056919f70.csv
1002,73,2019-11-03,292.00,35,1,34c150d6-ff07-11e9-a487-005056919f70.csv
1001,22636,2019-11-03,90544.00,34,1,34b4bbd2-ff07-11e9-a487-005056919f70.csv
1000,116095,2019-11-03,464380.00,17,1,3464058e-ff07-11e9-a487-005056919f70.csv
999,396,2019-11-03,1584.00,15,1,345dd2d6-ff07-11e9-a487-005056919f70.csv
998,2,2019-11-02,8.00,53,1,103d61c4-fe3e-11e9-8607-005056919f70.csv
997,60,2019-11-02,240.00,51,1,10392cc6-fe3e-11e9-8607-005056919f70.csv
996,21,2019-11-02,84.00,50,1,1034e652-fe3e-11e9-8607-005056919f70.csv
995,13039,2019-11-02,52156.00,49,1,102bde5e-fe3e-11e9-8607-005056919f70.csv
994,243996,2019-11-02,975984.00,48,1,0f933f64-fe3e-11e9-8607-005056919f70.csv
993,171419,2019-11-02,685676.00,47,1,0f2e3222-fe3e-11e9-8607-005056919f70.csv
992,1763,2019-11-02,7052.00,46,1,0f299028-fe3e-11e9-8607-005056919f70.csv
991,494587,2019-11-02,1978348.00,45,1,0d3ec8b4-fe3e-11e9-8607-005056919f70.csv
990,49341,2019-11-02,197364.00,44,1,0d1afad8-fe3e-11e9-8607-005056919f70.csv
989,320718,2019-11-02,1282872.00,43,1,0c95f874-fe3e-11e9-8607-005056919f70.csv
988,51280,2019-11-02,205120.00,42,1,0c7136e2-fe3e-11e9-8607-005056919f70.csv
987,71825,2019-11-02,287300.00,41,1,0c50c876-fe3e-11e9-8607-005056919f70.csv
986,96101,2019-11-02,384404.00,40,1,0c1a88e2-fe3e-11e9-8607-005056919f70.csv
985,34355,2019-11-02,137420.00,39,1,0c02c9b4-fe3e-11e9-8607-005056919f70.csv
984,73401,2019-11-02,293604.00,38,1,0bdde590-fe3e-11e9-8607-005056919f70.csv
983,483877,2019-11-02,1935508.00,37,1,0aca225e-fe3e-11e9-8607-005056919f70.csv
982,63991,2019-11-02,255964.00,36,1,0aa4ff6a-fe3e-11e9-8607-005056919f70.csv
981,55,2019-11-02,220.00,35,1,0aa06450-fe3e-11e9-8607-005056919f70.csv
980,15927,2019-11-02,63708.00,34,1,0a9406ba-fe3e-11e9-8607-005056919f70.csv
979,149752,2019-11-02,599008.00,17,1,0a2edee8-fe3e-11e9-8607-005056919f70.csv
978,305,2019-11-02,1220.00,15,1,0a28c97c-fe3e-11e9-8607-005056919f70.csv
977,13,2019-11-01,52.00,51,1,e2396288-fd74-11e9-b8d8-005056919f70.csv
976,8,2019-11-01,32.00,50,1,e2349028-fd74-11e9-b8d8-005056919f70.csv
975,81433,2019-11-01,325732.00,48,1,e1fd8fb0-fd74-11e9-b8d8-005056919f70.csv
974,64016,2019-11-01,256064.00,47,1,e1d3015a-fd74-11e9-b8d8-005056919f70.csv
973,323,2019-11-01,1292.00,46,1,e1ccf51c-fd74-11e9-b8d8-005056919f70.csv
972,201841,2019-11-01,807364.00,45,1,e142d792-fd74-11e9-b8d8-005056919f70.csv
971,20607,2019-11-01,82428.00,44,1,e1309cda-fd74-11e9-b8d8-005056919f70.csv
970,130111,2019-11-01,520444.00,43,1,e0fafcc4-fd74-11e9-b8d8-005056919f70.csv
969,25591,2019-11-01,102364.00,42,1,e0e1fe22-fd74-11e9-b8d8-005056919f70.csv
968,26620,2019-11-01,106480.00,41,1,e0d34738-fd74-11e9-b8d8-005056919f70.csv
967,41372,2019-11-01,165488.00,40,1,e0b8fe00-fd74-11e9-b8d8-005056919f70.csv
966,19794,2019-11-01,79176.00,39,1,e0a96a08-fd74-11e9-b8d8-005056919f70.csv
965,30640,2019-11-01,122560.00,38,1,e096f1b6-fd74-11e9-b8d8-005056919f70.csv
964,271942,2019-11-01,1087768.00,37,1,dff9f974-fd74-11e9-b8d8-005056919f70.csv
963,30644,2019-11-01,122576.00,36,1,dfe3a584-fd74-11e9-b8d8-005056919f70.csv
962,34,2019-11-01,136.00,35,1,dfdcf2de-fd74-11e9-b8d8-005056919f70.csv
961,9523,2019-11-01,38092.00,34,1,dfd30e22-fd74-11e9-b8d8-005056919f70.csv
960,97067,2019-11-01,388268.00,17,1,df8d018e-fd74-11e9-b8d8-005056919f70.csv
959,134,2019-11-01,536.00,15,1,df860672-fd74-11e9-b8d8-005056919f70.csv
958,5,2019-10-31,20.00,53,1,b76524f8-fcab-11e9-bc44-005056919f70.csv
957,25,2019-10-31,100.00,51,1,b760c89a-fcab-11e9-bc44-005056919f70.csv
956,14,2019-10-31,56.00,50,1,b75c2952-fcab-11e9-bc44-005056919f70.csv
955,14905,2019-10-31,59620.00,49,1,b7506b8a-fcab-11e9-bc44-005056919f70.csv
954,82969,2019-10-31,331876.00,48,1,b719e556-fcab-11e9-bc44-005056919f70.csv
953,58502,2019-10-31,234008.00,47,1,b6f374b6-fcab-11e9-bc44-005056919f70.csv
952,234,2019-10-31,936.00,46,1,b6eec466-fcab-11e9-bc44-005056919f70.csv
951,225362,2019-10-31,901448.00,45,1,b651d426-fcab-11e9-bc44-005056919f70.csv
950,17739,2019-10-31,70956.00,44,1,b641bbb8-fcab-11e9-bc44-005056919f70.csv
949,134671,2019-10-31,538684.00,43,1,b608c308-fcab-11e9-bc44-005056919f70.csv
948,4616,2019-10-31,18464.00,42,1,b5fe7542-fcab-11e9-bc44-005056919f70.csv
947,24365,2019-10-31,97460.00,41,1,b5efa76a-fcab-11e9-bc44-005056919f70.csv
946,38076,2019-10-31,152304.00,40,1,b5d5ec58-fcab-11e9-bc44-005056919f70.csv
945,4914,2019-10-31,19656.00,39,1,b5cb6bb6-fcab-11e9-bc44-005056919f70.csv
944,31948,2019-10-31,127792.00,38,1,b5b6fbf4-fcab-11e9-bc44-005056919f70.csv
943,44850,2019-10-31,179400.00,37,1,b57cd794-fcab-11e9-bc44-005056919f70.csv
942,25482,2019-10-31,101928.00,36,1,b56a4926-fcab-11e9-bc44-005056919f70.csv
941,20,2019-10-31,80.00,35,1,b5654c46-fcab-11e9-bc44-005056919f70.csv
940,9161,2019-10-31,36644.00,34,1,b55c9ac4-fcab-11e9-bc44-005056919f70.csv
939,15558,2019-10-31,62232.00,17,1,b544f1c6-fcab-11e9-bc44-005056919f70.csv
938,151,2019-10-31,604.00,15,1,b53e2ada-fcab-11e9-bc44-005056919f70.csv
937,18,2019-10-30,72.00,51,1,8d4c47f6-fbe2-11e9-a5e6-005056919f70.csv
936,12,2019-10-30,48.00,50,1,8d4868de-fbe2-11e9-a5e6-005056919f70.csv
935,73054,2019-10-30,292216.00,48,1,8d17b4dc-fbe2-11e9-a5e6-005056919f70.csv
934,54418,2019-10-30,217672.00,47,1,8cf6d294-fbe2-11e9-a5e6-005056919f70.csv
933,286,2019-10-30,1144.00,46,1,8cf2bd76-fbe2-11e9-a5e6-005056919f70.csv
932,219435,2019-10-30,877740.00,45,1,8c4affaa-fbe2-11e9-a5e6-005056919f70.csv
931,17438,2019-10-30,69752.00,44,1,8c3ad724-fbe2-11e9-a5e6-005056919f70.csv
930,126979,2019-10-30,507916.00,43,1,8c04163a-fbe2-11e9-a5e6-005056919f70.csv
929,21213,2019-10-30,84852.00,42,1,8bf31b78-fbe2-11e9-a5e6-005056919f70.csv
928,23895,2019-10-30,95580.00,41,1,8be35742-fbe2-11e9-a5e6-005056919f70.csv
927,39498,2019-10-30,157992.00,40,1,8bc7b4f6-fbe2-11e9-a5e6-005056919f70.csv
926,16786,2019-10-30,67144.00,39,1,8bb8f3b2-fbe2-11e9-a5e6-005056919f70.csv
925,41347,2019-10-30,165388.00,38,1,8ba12c96-fbe2-11e9-a5e6-005056919f70.csv
924,246994,2019-10-30,987976.00,37,1,8b0b458c-fbe2-11e9-a5e6-005056919f70.csv
923,26563,2019-10-30,106252.00,36,1,8afa601e-fbe2-11e9-a5e6-005056919f70.csv
922,16,2019-10-30,64.00,35,1,8af5e610-fbe2-11e9-a5e6-005056919f70.csv
921,8795,2019-10-30,35180.00,34,1,8aec69be-fbe2-11e9-a5e6-005056919f70.csv
920,97015,2019-10-30,388060.00,17,1,8ab08b38-fbe2-11e9-a5e6-005056919f70.csv
919,200,2019-10-30,800.00,15,1,8aaacd60-fbe2-11e9-a5e6-005056919f70.csv
918,51,2019-10-29,204.00,51,1,666eaa12-fb19-11e9-9b0c-005056919f70.csv
917,74,2019-10-29,296.00,50,1,666ab3f8-fb19-11e9-9b0c-005056919f70.csv
916,29489,2019-10-29,117956.00,49,1,665a8154-fb19-11e9-9b0c-005056919f70.csv
915,200903,2019-10-29,803612.00,48,1,65e04402-fb19-11e9-9b0c-005056919f70.csv
914,167966,2019-10-29,671864.00,47,1,65822af2-fb19-11e9-9b0c-005056919f70.csv
913,1271,2019-10-29,5084.00,46,1,657d25ac-fb19-11e9-9b0c-005056919f70.csv
912,635651,2019-10-29,2542604.00,45,1,63b9f86c-fb19-11e9-9b0c-005056919f70.csv
911,58659,2019-10-29,234636.00,44,1,63900a8e-fb19-11e9-9b0c-005056919f70.csv
910,373014,2019-10-29,1492056.00,43,1,6302c0f2-fb19-11e9-9b0c-005056919f70.csv
909,33892,2019-10-29,135568.00,42,1,62e46b3e-fb19-11e9-9b0c-005056919f70.csv
908,68829,2019-10-29,275316.00,41,1,62c641d6-fb19-11e9-9b0c-005056919f70.csv
907,106921,2019-10-29,427684.00,40,1,6288227a-fb19-11e9-9b0c-005056919f70.csv
906,39058,2019-10-29,156232.00,39,1,626bd3cc-fb19-11e9-9b0c-005056919f70.csv
905,87863,2019-10-29,351452.00,38,1,62436a72-fb19-11e9-9b0c-005056919f70.csv
904,523727,2019-10-29,2094908.00,37,1,611ac17c-fb19-11e9-9b0c-005056919f70.csv
903,79761,2019-10-29,319044.00,36,1,60ed5ebc-fb19-11e9-9b0c-005056919f70.csv
902,71,2019-10-29,284.00,35,1,60e891b6-fb19-11e9-9b0c-005056919f70.csv
901,16535,2019-10-29,66140.00,34,1,60dcc192-fb19-11e9-9b0c-005056919f70.csv
900,135116,2019-10-29,540464.00,17,1,606f662e-fb19-11e9-9b0c-005056919f70.csv
899,434,2019-10-29,1736.00,15,1,606a4ff4-fb19-11e9-9b0c-005056919f70.csv
898,1,2019-10-28,4.00,53,1,3c14d0ee-fa50-11e9-b6e2-005056919f70.csv
897,64,2019-10-28,256.00,51,1,3c10abcc-fa50-11e9-b6e2-005056919f70.csv
896,38,2019-10-28,152.00,50,1,3c0d05f8-fa50-11e9-b6e2-005056919f70.csv
895,26016,2019-10-28,104064.00,49,1,3bfe17d2-fa50-11e9-b6e2-005056919f70.csv
894,199554,2019-10-28,798216.00,48,1,3b7d965c-fa50-11e9-b6e2-005056919f70.csv
893,186303,2019-10-28,745212.00,47,1,3b127606-fa50-11e9-b6e2-005056919f70.csv
892,1144,2019-10-28,4576.00,46,1,3b0ddcea-fa50-11e9-b6e2-005056919f70.csv
891,632318,2019-10-28,2529272.00,45,1,393ea9da-fa50-11e9-b6e2-005056919f70.csv
890,49981,2019-10-28,199924.00,44,1,391a3a3c-fa50-11e9-b6e2-005056919f70.csv
889,383642,2019-10-28,1534568.00,43,1,3880a638-fa50-11e9-b6e2-005056919f70.csv
888,32936,2019-10-28,131744.00,42,1,38637e64-fa50-11e9-b6e2-005056919f70.csv
887,69525,2019-10-28,278100.00,41,1,3841965a-fa50-11e9-b6e2-005056919f70.csv
886,105439,2019-10-28,421756.00,40,1,3802945a-fa50-11e9-b6e2-005056919f70.csv
885,33933,2019-10-28,135732.00,39,1,37e99c7a-fa50-11e9-b6e2-005056919f70.csv
884,78164,2019-10-28,312656.00,38,1,37c2c76c-fa50-11e9-b6e2-005056919f70.csv
883,496255,2019-10-28,1985020.00,37,1,36a606b4-fa50-11e9-b6e2-005056919f70.csv
882,59099,2019-10-28,236396.00,36,1,3687be66-fa50-11e9-b6e2-005056919f70.csv
881,57,2019-10-28,228.00,35,1,36825584-fa50-11e9-b6e2-005056919f70.csv
880,15604,2019-10-28,62416.00,34,1,367742d4-fa50-11e9-b6e2-005056919f70.csv
879,106684,2019-10-28,426736.00,17,1,36234134-fa50-11e9-b6e2-005056919f70.csv
878,353,2019-10-28,1412.00,15,1,361df3dc-fa50-11e9-b6e2-005056919f70.csv
877,43,2019-10-27,172.00,51,1,0e25c5a4-f987-11e9-9fae-005056919f70.csv
876,8,2019-10-27,32.00,50,1,0e21eeca-f987-11e9-9fae-005056919f70.csv
875,9173,2019-10-27,36692.00,49,1,0e19c9ac-f987-11e9-9fae-005056919f70.csv
874,79913,2019-10-27,319652.00,48,1,0de67c28-f987-11e9-9fae-005056919f70.csv
873,100865,2019-10-27,403460.00,47,1,0da584de-f987-11e9-9fae-005056919f70.csv
872,505,2019-10-27,2020.00,46,1,0da0d8ee-f987-11e9-9fae-005056919f70.csv
871,226448,2019-10-27,905792.00,45,1,0d0068aa-f987-11e9-9fae-005056919f70.csv
870,20654,2019-10-27,82616.00,44,1,0ced6502-f987-11e9-9fae-005056919f70.csv
869,179827,2019-10-27,719308.00,43,1,0c9e5638-f987-11e9-9fae-005056919f70.csv
868,16402,2019-10-27,65608.00,42,1,0c8e6b92-f987-11e9-9fae-005056919f70.csv
867,31877,2019-10-27,127508.00,41,1,0c7d9006-f987-11e9-9fae-005056919f70.csv
866,41706,2019-10-27,166824.00,40,1,0c5fd016-f987-11e9-9fae-005056919f70.csv
865,13878,2019-10-27,55512.00,39,1,0c5218c2-f987-11e9-9fae-005056919f70.csv
864,34968,2019-10-27,139872.00,38,1,0c3d32f4-f987-11e9-9fae-005056919f70.csv
863,180098,2019-10-27,720392.00,37,1,0bba8502-f987-11e9-9fae-005056919f70.csv
862,23639,2019-10-27,94556.00,36,1,0ba974f6-f987-11e9-9fae-005056919f70.csv
861,25,2019-10-27,100.00,35,1,0ba50a1a-f987-11e9-9fae-005056919f70.csv
860,5696,2019-10-27,22784.00,34,1,0b9d8254-f987-11e9-9fae-005056919f70.csv
859,52287,2019-10-27,209148.00,17,1,0b72a3ae-f987-11e9-9fae-005056919f70.csv
858,240,2019-10-27,960.00,15,1,0b6d1420-f987-11e9-9fae-005056919f70.csv
857,100,2019-10-26,400.00,51,1,e6fd3634-f8bd-11e9-aa4d-005056919f70.csv
856,18,2019-10-26,72.00,50,1,e6f8da8a-f8bd-11e9-aa4d-005056919f70.csv
855,18109,2019-10-26,72436.00,49,1,e6ec3564-f8bd-11e9-aa4d-005056919f70.csv
854,182466,2019-10-26,729864.00,48,1,e67d59e6-f8bd-11e9-aa4d-005056919f70.csv
853,317475,2019-10-26,1269900.00,47,1,e582d638-f8bd-11e9-aa4d-005056919f70.csv
852,611,2019-10-26,2444.00,46,1,e57dc94a-f8bd-11e9-aa4d-005056919f70.csv
851,545174,2019-10-26,2180696.00,45,1,e400c4a0-f8bd-11e9-aa4d-005056919f70.csv
850,52182,2019-10-26,208728.00,44,1,e3df49e2-f8bd-11e9-aa4d-005056919f70.csv
849,321437,2019-10-26,1285748.00,43,1,e361a69a-f8bd-11e9-aa4d-005056919f70.csv
848,36417,2019-10-26,145668.00,42,1,e343f8c0-f8bd-11e9-aa4d-005056919f70.csv
847,91980,2019-10-26,367920.00,41,1,e31b34bc-f8bd-11e9-aa4d-005056919f70.csv
846,95223,2019-10-26,380892.00,40,1,e2e67e52-f8bd-11e9-aa4d-005056919f70.csv
845,43880,2019-10-26,175520.00,39,1,e2c7e9ec-f8bd-11e9-aa4d-005056919f70.csv
844,103184,2019-10-26,412736.00,38,1,e29aac2a-f8bd-11e9-aa4d-005056919f70.csv
843,582516,2019-10-26,2330064.00,37,1,e1542530-f8bd-11e9-aa4d-005056919f70.csv
842,58473,2019-10-26,233892.00,36,1,e1355c0e-f8bd-11e9-aa4d-005056919f70.csv
841,35,2019-10-26,140.00,35,1,e13069c4-f8bd-11e9-aa4d-005056919f70.csv
840,19629,2019-10-26,78516.00,34,1,e1212680-f8bd-11e9-aa4d-005056919f70.csv
839,132365,2019-10-26,529460.00,17,1,e0c14f94-f8bd-11e9-aa4d-005056919f70.csv
838,391,2019-10-26,1564.00,15,1,e0bb65ac-f8bd-11e9-aa4d-005056919f70.csv
837,3,2019-10-25,12.00,53,1,bd0aadbc-f7f4-11e9-b3a7-005056919f70.csv
836,50,2019-10-25,200.00,51,1,bd0708a6-f7f4-11e9-b3a7-005056919f70.csv
835,38,2019-10-25,152.00,50,1,bd02b44a-f7f4-11e9-b3a7-005056919f70.csv
834,25569,2019-10-25,102276.00,49,1,bcf46318-f7f4-11e9-b3a7-005056919f70.csv
833,184378,2019-10-25,737512.00,48,1,bc88b1f4-f7f4-11e9-b3a7-005056919f70.csv
832,232258,2019-10-25,929032.00,47,1,bbdd0a98-f7f4-11e9-b3a7-005056919f70.csv
831,532,2019-10-25,2128.00,46,1,bbd823c0-f7f4-11e9-b3a7-005056919f70.csv
830,549201,2019-10-25,2196804.00,45,1,b9c4b04e-f7f4-11e9-b3a7-005056919f70.csv
829,45689,2019-10-25,182756.00,44,1,b9a27970-f7f4-11e9-b3a7-005056919f70.csv
828,356465,2019-10-25,1425860.00,43,1,b91abe68-f7f4-11e9-b3a7-005056919f70.csv
827,29784,2019-10-25,119136.00,42,1,b900ef9c-f7f4-11e9-b3a7-005056919f70.csv
826,75242,2019-10-25,300968.00,41,1,b8dfdf8c-f7f4-11e9-b3a7-005056919f70.csv
825,100826,2019-10-25,403304.00,40,1,b8a5ce8c-f7f4-11e9-b3a7-005056919f70.csv
824,36162,2019-10-25,144648.00,39,1,b88c0f4c-f7f4-11e9-b3a7-005056919f70.csv
823,84459,2019-10-25,337836.00,38,1,b85ec46a-f7f4-11e9-b3a7-005056919f70.csv
822,480736,2019-10-25,1922944.00,37,1,b75242b8-f7f4-11e9-b3a7-005056919f70.csv
821,62269,2019-10-25,249076.00,36,1,b7316782-f7f4-11e9-b3a7-005056919f70.csv
820,126,2019-10-25,504.00,35,1,b72c0b52-f7f4-11e9-b3a7-005056919f70.csv
819,19310,2019-10-25,77240.00,34,1,b71fbc6c-f7f4-11e9-b3a7-005056919f70.csv
818,100025,2019-10-25,400100.00,17,1,b6d739d8-f7f4-11e9-b3a7-005056919f70.csv
817,400,2019-10-25,1600.00,15,1,b6d105cc-f7f4-11e9-b3a7-005056919f70.csv
816,67,2019-10-24,268.00,51,1,8c634760-f72b-11e9-a3a3-005056919f70.csv
815,34,2019-10-24,136.00,50,1,8c5f2072-f72b-11e9-a3a3-005056919f70.csv
814,471,2019-10-24,1884.00,48,1,8c5ae624-f72b-11e9-a3a3-005056919f70.csv
813,913,2019-10-24,3652.00,47,1,8c560db6-f72b-11e9-a3a3-005056919f70.csv
812,1747,2019-10-24,6988.00,45,1,8c4fd2d4-f72b-11e9-a3a3-005056919f70.csv
811,1,2019-10-24,4.00,43,1,8c4b16c2-f72b-11e9-a3a3-005056919f70.csv
810,1,2019-10-24,4.00,40,1,8c45f5a2-f72b-11e9-a3a3-005056919f70.csv
809,6,2019-10-24,24.00,37,1,8c4084e6-f72b-11e9-a3a3-005056919f70.csv
808,1,2019-10-23,4.00,53,1,622441c6-f662-11e9-ac67-005056919f70.csv
807,106,2019-10-23,424.00,51,1,621fad46-f662-11e9-ac67-005056919f70.csv
806,56,2019-10-23,224.00,50,1,621aa5c6-f662-11e9-ac67-005056919f70.csv
805,2,2019-10-23,8.00,48,1,62158afa-f662-11e9-ac67-005056919f70.csv
804,3,2019-10-23,12.00,45,1,6210878a-f662-11e9-ac67-005056919f70.csv
803,1,2019-10-23,4.00,43,1,620b81d6-f662-11e9-ac67-005056919f70.csv
802,1,2019-10-23,4.00,41,1,62066912-f662-11e9-ac67-005056919f70.csv
801,1,2019-10-23,4.00,40,1,62017092-f662-11e9-ac67-005056919f70.csv
800,1,2019-10-23,4.00,38,1,61fcd8a2-f662-11e9-ac67-005056919f70.csv
799,3,2019-10-23,12.00,37,1,61f7524c-f662-11e9-ac67-005056919f70.csv
798,61,2019-10-22,244.00,51,1,37aea590-f599-11e9-b033-005056919f70.csv
797,36,2019-10-22,144.00,50,1,37a982ae-f599-11e9-b033-005056919f70.csv
796,1,2019-10-22,4.00,45,1,37a395c4-f599-11e9-b033-005056919f70.csv
795,1,2019-10-22,4.00,40,1,379ecdfa-f599-11e9-b033-005056919f70.csv
794,2,2019-10-22,8.00,37,1,379a56e4-f599-11e9-b033-005056919f70.csv
793,2,2019-10-22,8.00,17,1,3794b4b4-f599-11e9-b033-005056919f70.csv
792,1,2019-10-21,4.00,53,1,0d650168-f4d0-11e9-9440-005056919f70.csv
791,48,2019-10-21,192.00,51,1,0d5f8a12-f4d0-11e9-9440-005056919f70.csv
790,45,2019-10-21,180.00,50,1,0d5aeac0-f4d0-11e9-9440-005056919f70.csv
789,1,2019-10-21,4.00,48,1,0d556898-f4d0-11e9-9440-005056919f70.csv
788,2,2019-10-21,8.00,45,1,0d4f9fc6-f4d0-11e9-9440-005056919f70.csv
787,1,2019-10-20,4.00,53,1,e26c6b1e-f406-11e9-bc7f-005056919f70.csv
786,75,2019-10-20,300.00,51,1,e2678e46-f406-11e9-bc7f-005056919f70.csv
785,31,2019-10-20,124.00,50,1,e262c8c0-f406-11e9-bc7f-005056919f70.csv
784,1,2019-10-20,4.00,47,1,e25d323e-f406-11e9-bc7f-005056919f70.csv
783,4,2019-10-20,16.00,45,1,e25826a4-f406-11e9-bc7f-005056919f70.csv
782,3,2019-10-20,12.00,43,1,e252d1e0-f406-11e9-bc7f-005056919f70.csv
781,5,2019-10-20,20.00,37,1,e24d57e2-f406-11e9-bc7f-005056919f70.csv
780,2,2019-10-20,8.00,17,1,e2473fce-f406-11e9-bc7f-005056919f70.csv
779,2,2019-10-19,8.00,53,1,b8231f8e-f33d-11e9-9a54-005056919f70.csv
778,64,2019-10-19,256.00,51,1,b81e85d2-f33d-11e9-9a54-005056919f70.csv
777,85,2019-10-19,340.00,50,1,b817cbe8-f33d-11e9-9a54-005056919f70.csv
776,4,2019-10-19,16.00,45,1,b811bafa-f33d-11e9-9a54-005056919f70.csv
775,2,2019-10-19,8.00,43,1,b80da65e-f33d-11e9-9a54-005056919f70.csv
774,1,2019-10-19,4.00,40,1,b8072004-f33d-11e9-9a54-005056919f70.csv
773,1,2019-10-18,4.00,53,1,8dcf8c78-f274-11e9-b6dc-005056919f70.csv
772,65,2019-10-18,260.00,51,1,8dca22b0-f274-11e9-b6dc-005056919f70.csv
771,53,2019-10-18,212.00,50,1,8dc52fd0-f274-11e9-b6dc-005056919f70.csv
770,2,2019-10-18,8.00,45,1,8dbf772a-f274-11e9-b6dc-005056919f70.csv
769,2,2019-10-18,8.00,43,1,8dbac4be-f274-11e9-b6dc-005056919f70.csv
768,3,2019-10-18,12.00,37,1,8db3a40e-f274-11e9-b6dc-005056919f70.csv
767,4,2019-10-17,16.00,53,1,636759da-f1ab-11e9-9ed6-005056919f70.csv
766,75,2019-10-17,300.00,51,1,6362b434-f1ab-11e9-9ed6-005056919f70.csv
765,64,2019-10-17,256.00,50,1,635e8468-f1ab-11e9-9ed6-005056919f70.csv
764,1,2019-10-17,4.00,48,1,635a0e56-f1ab-11e9-9ed6-005056919f70.csv
763,3,2019-10-17,12.00,45,1,6355050a-f1ab-11e9-9ed6-005056919f70.csv
762,1,2019-10-17,4.00,43,1,6350d37c-f1ab-11e9-9ed6-005056919f70.csv
761,2,2019-10-17,8.00,42,1,634ca8ba-f1ab-11e9-9ed6-005056919f70.csv
760,1,2019-10-17,4.00,37,1,6346c1e8-f1ab-11e9-9ed6-005056919f70.csv
759,2,2019-10-16,8.00,53,1,3924bc2c-f0e2-11e9-83ec-005056919f70.csv
758,75,2019-10-16,300.00,51,1,39208e72-f0e2-11e9-83ec-005056919f70.csv
757,75,2019-10-16,300.00,50,1,391c1752-f0e2-11e9-83ec-005056919f70.csv
756,2,2019-10-16,8.00,45,1,391726de-f0e2-11e9-83ec-005056919f70.csv
755,1,2019-10-16,4.00,44,1,3912d71e-f0e2-11e9-83ec-005056919f70.csv
754,1,2019-10-16,4.00,43,1,390e726e-f0e2-11e9-83ec-005056919f70.csv
753,3,2019-10-16,12.00,37,1,3907c266-f0e2-11e9-83ec-005056919f70.csv
752,1,2019-10-15,4.00,53,1,0e6371e6-f019-11e9-883c-005056919f70.csv
751,68,2019-10-15,272.00,51,1,0e5e80b4-f019-11e9-883c-005056919f70.csv
750,43,2019-10-15,172.00,50,1,0e58ddda-f019-11e9-883c-005056919f70.csv
749,3,2019-10-15,12.00,45,1,0e544810-f019-11e9-883c-005056919f70.csv
748,3,2019-10-15,12.00,43,1,0e4f8f1e-f019-11e9-883c-005056919f70.csv
747,2,2019-10-15,8.00,40,1,0e4b3310-f019-11e9-883c-005056919f70.csv
746,5,2019-10-15,20.00,37,1,0e45f774-f019-11e9-883c-005056919f70.csv
745,25,2019-10-14,100.00,53,1,e4367bf8-ef4f-11e9-bcf9-005056919f70.csv
744,94,2019-10-14,376.00,51,1,e431af10-ef4f-11e9-bcf9-005056919f70.csv
743,51,2019-10-14,204.00,50,1,e42d35e8-ef4f-11e9-bcf9-005056919f70.csv
742,1,2019-10-14,4.00,48,1,e4282e18-ef4f-11e9-bcf9-005056919f70.csv
741,3,2019-10-14,12.00,47,1,e423aa64-ef4f-11e9-bcf9-005056919f70.csv
740,2,2019-10-14,8.00,45,1,e41edcbe-ef4f-11e9-bcf9-005056919f70.csv
739,1,2019-10-14,4.00,40,1,e418266c-ef4f-11e9-bcf9-005056919f70.csv
738,4,2019-10-14,16.00,37,1,e412c140-ef4f-11e9-bcf9-005056919f70.csv
737,54,2019-10-13,216.00,51,1,ba192d4e-ee86-11e9-8b95-005056919f70.csv
736,15,2019-10-13,60.00,50,1,ba138b14-ee86-11e9-8b95-005056919f70.csv
735,2,2019-10-13,8.00,48,1,ba0e7188-ee86-11e9-8b95-005056919f70.csv
734,2,2019-10-13,8.00,47,1,ba09c48a-ee86-11e9-8b95-005056919f70.csv
733,1,2019-10-13,4.00,45,1,ba045c48-ee86-11e9-8b95-005056919f70.csv
732,1,2019-10-13,4.00,44,1,ba001872-ee86-11e9-8b95-005056919f70.csv
731,1,2019-10-13,4.00,43,1,b9fb3230-ee86-11e9-8b95-005056919f70.csv
730,2,2019-10-13,8.00,40,1,b9d63250-ee86-11e9-8b95-005056919f70.csv
729,1,2019-10-13,4.00,37,1,b9d0f164-ee86-11e9-8b95-005056919f70.csv
728,70,2019-10-03,280.00,51,1,115b66a0-e6ab-11e9-8028-005056919f70.csv
727,46,2019-10-03,184.00,50,1,1156b2e0-e6ab-11e9-8028-005056919f70.csv
726,1,2019-10-03,4.00,47,1,11521744-e6ab-11e9-8028-005056919f70.csv
725,5,2019-10-03,20.00,45,1,114d9976-e6ab-11e9-8028-005056919f70.csv
724,1,2019-10-03,4.00,40,1,11486082-e6ab-11e9-8028-005056919f70.csv
723,2,2019-10-03,8.00,38,1,1143b960-e6ab-11e9-8028-005056919f70.csv
722,2,2019-10-03,8.00,37,1,113e55e2-e6ab-11e9-8028-005056919f70.csv
721,41,2019-10-02,164.00,51,1,e8a1f8ce-e5e1-11e9-a789-005056919f70.csv
720,12,2019-10-02,48.00,50,1,e89e4abc-e5e1-11e9-a789-005056919f70.csv
719,2,2019-10-02,8.00,47,1,e899d4be-e5e1-11e9-a789-005056919f70.csv
718,6,2019-10-02,24.00,45,1,e895a7b8-e5e1-11e9-a789-005056919f70.csv
717,1,2019-10-02,4.00,42,1,e8916496-e5e1-11e9-a789-005056919f70.csv
716,1,2019-10-02,4.00,41,1,e88d20c0-e5e1-11e9-a789-005056919f70.csv
715,336408,2019-10-02,1345632.00,37,1,e726a86e-e5e1-11e9-a789-005056919f70.csv
714,2,2019-10-02,8.00,17,1,e71fe970-e5e1-11e9-a789-005056919f70.csv
713,45,2019-10-01,180.00,51,1,c0dff012-e518-11e9-92c4-005056919f70.csv
712,25,2019-10-01,100.00,50,1,c0db3838-e518-11e9-92c4-005056919f70.csv
711,15847,2019-10-01,63388.00,49,1,c0cf44ba-e518-11e9-92c4-005056919f70.csv
710,186248,2019-10-01,744992.00,48,1,c058f4fe-e518-11e9-92c4-005056919f70.csv
709,145081,2019-10-01,580324.00,47,1,c00088c8-e518-11e9-92c4-005056919f70.csv
708,771,2019-10-01,3084.00,46,1,bffbb0fa-e518-11e9-92c4-005056919f70.csv
707,448767,2019-10-01,1795068.00,45,1,becedd56-e518-11e9-92c4-005056919f70.csv
706,3038,2019-10-01,12152.00,43,1,bec97564-e518-11e9-92c4-005056919f70.csv
705,202,2019-10-01,808.00,42,1,bec56e38-e518-11e9-92c4-005056919f70.csv
704,290,2019-10-01,1160.00,41,1,bec16a86-e518-11e9-92c4-005056919f70.csv
703,16,2019-10-01,64.00,40,1,bebd8d76-e518-11e9-92c4-005056919f70.csv
702,81,2019-10-01,324.00,39,1,beb97d4e-e518-11e9-92c4-005056919f70.csv
701,470524,2019-10-01,1882096.00,37,1,bd080cf4-e518-11e9-92c4-005056919f70.csv
700,617,2019-10-01,2468.00,36,1,bd03351c-e518-11e9-92c4-005056919f70.csv
699,1841,2019-10-01,7364.00,17,1,bcfc4e14-e518-11e9-92c4-005056919f70.csv
698,6,2019-10-01,24.00,15,1,bcf6d722-e518-11e9-92c4-005056919f70.csv
697,4,2019-09-30,16.00,53,1,98bd0bc0-e44f-11e9-ac2c-005056919f70.csv
696,51,2019-09-30,204.00,51,1,98b91344-e44f-11e9-ac2c-005056919f70.csv
695,12,2019-09-30,48.00,50,1,98b4386a-e44f-11e9-ac2c-005056919f70.csv
694,218943,2019-09-30,875772.00,48,1,982b7886-e44f-11e9-ac2c-005056919f70.csv
693,171817,2019-09-30,687268.00,47,1,97ca4a20-e44f-11e9-ac2c-005056919f70.csv
692,1119,2019-09-30,4476.00,46,1,97c458c2-e44f-11e9-ac2c-005056919f70.csv
691,615581,2019-09-30,2462324.00,45,1,9615425c-e44f-11e9-ac2c-005056919f70.csv
690,5,2019-09-30,20.00,44,1,960f1cec-e44f-11e9-ac2c-005056919f70.csv
689,378200,2019-09-30,1512800.00,43,1,95773472-e44f-11e9-ac2c-005056919f70.csv
688,53996,2019-09-30,215984.00,42,1,954a1d66-e44f-11e9-ac2c-005056919f70.csv
687,76891,2019-09-30,307564.00,41,1,9520b552-e44f-11e9-ac2c-005056919f70.csv
686,117485,2019-09-30,469940.00,40,1,94d4352e-e44f-11e9-ac2c-005056919f70.csv
685,70231,2019-09-30,280924.00,39,1,94a68ae8-e44f-11e9-ac2c-005056919f70.csv
684,727284,2019-09-30,2909136.00,37,1,9340766e-e44f-11e9-ac2c-005056919f70.csv
683,62160,2019-09-30,248640.00,36,1,931b330e-e44f-11e9-ac2c-005056919f70.csv
682,55,2019-09-30,220.00,35,1,9316611c-e44f-11e9-ac2c-005056919f70.csv
681,205495,2019-09-30,821980.00,17,1,928b6b3e-e44f-11e9-ac2c-005056919f70.csv
680,528,2019-09-30,2112.00,15,1,92847fa4-e44f-11e9-ac2c-005056919f70.csv
679,3,2019-09-29,12.00,53,1,6e222914-e386-11e9-a08e-005056919f70.csv
678,67,2019-09-29,268.00,51,1,6e1d3d14-e386-11e9-a08e-005056919f70.csv
677,12,2019-09-29,48.00,50,1,6e18f204-e386-11e9-a08e-005056919f70.csv
676,277812,2019-09-29,1111248.00,48,1,6d5e74d8-e386-11e9-a08e-005056919f70.csv
675,150700,2019-09-29,602800.00,47,1,6d0283a8-e386-11e9-a08e-005056919f70.csv
674,966,2019-09-29,3864.00,46,1,6cfdf586-e386-11e9-a08e-005056919f70.csv
673,493153,2019-09-29,1972612.00,45,1,6b174402-e386-11e9-a08e-005056919f70.csv
672,2,2019-09-29,8.00,44,1,6b134b7c-e386-11e9-a08e-005056919f70.csv
671,289160,2019-09-29,1156640.00,43,1,6a9a8d18-e386-11e9-a08e-005056919f70.csv
670,44444,2019-09-29,177776.00,42,1,6a79b610-e386-11e9-a08e-005056919f70.csv
669,67620,2019-09-29,270480.00,41,1,6a593b2e-e386-11e9-a08e-005056919f70.csv
668,101788,2019-09-29,407152.00,40,1,6a1b9120-e386-11e9-a08e-005056919f70.csv
667,60765,2019-09-29,243060.00,39,1,69d90dd2-e386-11e9-a08e-005056919f70.csv
666,556948,2019-09-29,2227792.00,37,1,68ab55c8-e386-11e9-a08e-005056919f70.csv
665,50740,2019-09-29,202960.00,36,1,688a7308-e386-11e9-a08e-005056919f70.csv
664,30,2019-09-29,120.00,35,1,6885ce5c-e386-11e9-a08e-005056919f70.csv
663,1,2019-09-29,4.00,34,1,68810ec6-e386-11e9-a08e-005056919f70.csv
662,131577,2019-09-29,526308.00,17,1,682fe49c-e386-11e9-a08e-005056919f70.csv
661,472,2019-09-29,1888.00,15,1,6826e860-e386-11e9-a08e-005056919f70.csv
660,1,2019-09-28,4.00,53,1,446cc530-e2bd-11e9-b8f3-005056919f70.csv
659,80,2019-09-28,320.00,51,1,44674aba-e2bd-11e9-b8f3-005056919f70.csv
658,27,2019-09-28,108.00,50,1,44616b68-e2bd-11e9-b8f3-005056919f70.csv
657,354026,2019-09-28,1416104.00,48,1,4396ce94-e2bd-11e9-b8f3-005056919f70.csv
656,192740,2019-09-28,770960.00,47,1,43251d80-e2bd-11e9-b8f3-005056919f70.csv
655,874,2019-09-28,3496.00,46,1,431f5dd2-e2bd-11e9-b8f3-005056919f70.csv
654,658949,2019-09-28,2635796.00,45,1,41523f4c-e2bd-11e9-b8f3-005056919f70.csv
653,1,2019-09-28,4.00,44,1,414e2f7e-e2bd-11e9-b8f3-005056919f70.csv
652,350404,2019-09-28,1401616.00,43,1,40af3388-e2bd-11e9-b8f3-005056919f70.csv
651,58011,2019-09-28,232044.00,42,1,407fec7c-e2bd-11e9-b8f3-005056919f70.csv
650,83891,2019-09-28,335564.00,41,1,4057cf94-e2bd-11e9-b8f3-005056919f70.csv
649,126462,2019-09-28,505848.00,40,1,3fea9050-e2bd-11e9-b8f3-005056919f70.csv
648,58436,2019-09-28,233744.00,39,1,3fbaa098-e2bd-11e9-b8f3-005056919f70.csv
647,771345,2019-09-28,3085380.00,37,1,3e1f9d74-e2bd-11e9-b8f3-005056919f70.csv
646,68962,2019-09-28,275848.00,36,1,3df9fbd2-e2bd-11e9-b8f3-005056919f70.csv
645,64,2019-09-28,256.00,35,1,3df59452-e2bd-11e9-b8f3-005056919f70.csv
644,1,2019-09-28,4.00,34,1,3df0f96a-e2bd-11e9-b8f3-005056919f70.csv
643,170032,2019-09-28,680128.00,17,1,3d723fd0-e2bd-11e9-b8f3-005056919f70.csv
642,479,2019-09-28,1916.00,15,1,3d6cdd74-e2bd-11e9-b8f3-005056919f70.csv
641,48,2019-09-27,192.00,51,1,141082ba-e1f4-11e9-b4b5-005056919f70.csv
640,13,2019-09-27,52.00,50,1,140e059e-e1f4-11e9-b4b5-005056919f70.csv
639,24540,2019-09-27,98160.00,49,1,14091b4c-e1f4-11e9-b4b5-005056919f70.csv
638,186365,2019-09-27,745460.00,48,1,13fb8c7a-e1f4-11e9-b4b5-005056919f70.csv
637,150241,2019-09-27,600964.00,47,1,13f09d24-e1f4-11e9-b4b5-005056919f70.csv
636,1076,2019-09-27,4304.00,46,1,13edbd0c-e1f4-11e9-b4b5-005056919f70.csv
635,533207,2019-09-27,2132828.00,45,1,13c445da-e1f4-11e9-b4b5-005056919f70.csv
634,45301,2019-09-27,181204.00,44,1,13bda6f8-e1f4-11e9-b4b5-005056919f70.csv
633,276469,2019-09-27,1105876.00,43,1,13ac8ad0-e1f4-11e9-b4b5-005056919f70.csv
632,48471,2019-09-27,193884.00,42,1,13a580c8-e1f4-11e9-b4b5-005056919f70.csv
631,72359,2019-09-27,289436.00,41,1,139e4a42-e1f4-11e9-b4b5-005056919f70.csv
630,119530,2019-09-27,478120.00,40,1,1393d9fe-e1f4-11e9-b4b5-005056919f70.csv
629,44693,2019-09-27,178772.00,39,1,138e0a92-e1f4-11e9-b4b5-005056919f70.csv
628,570403,2019-09-27,2281612.00,37,1,13685f86-e1f4-11e9-b4b5-005056919f70.csv
627,56337,2019-09-27,225348.00,36,1,13620e9c-e1f4-11e9-b4b5-005056919f70.csv
626,331,2019-09-27,1324.00,35,1,135ef3b0-e1f4-11e9-b4b5-005056919f70.csv
625,172305,2019-09-27,689220.00,17,1,134fbbf2-e1f4-11e9-b4b5-005056919f70.csv
624,340,2019-09-27,1360.00,15,1,134c9ce2-e1f4-11e9-b4b5-005056919f70.csv
623,56,2019-09-26,224.00,51,1,e97515bc-e12a-11e9-af5b-005056919f70.csv
622,29,2019-09-26,116.00,50,1,e97274a6-e12a-11e9-af5b-005056919f70.csv
621,35595,2019-09-26,142380.00,49,1,e96d7f46-e12a-11e9-af5b-005056919f70.csv
620,239684,2019-09-26,958736.00,48,1,e95a0092-e12a-11e9-af5b-005056919f70.csv
619,180759,2019-09-26,723036.00,47,1,e94a9b70-e12a-11e9-af5b-005056919f70.csv
618,1784,2019-09-26,7136.00,46,1,e947d0d4-e12a-11e9-af5b-005056919f70.csv
617,619187,2019-09-26,2476748.00,45,1,e922db62-e12a-11e9-af5b-005056919f70.csv
616,56923,2019-09-26,227692.00,44,1,e91cd9c4-e12a-11e9-af5b-005056919f70.csv
615,334663,2019-09-26,1338652.00,43,1,e90e63b2-e12a-11e9-af5b-005056919f70.csv
614,59885,2019-09-26,239540.00,42,1,e907b74c-e12a-11e9-af5b-005056919f70.csv
613,85499,2019-09-26,341996.00,41,1,e901e998-e12a-11e9-af5b-005056919f70.csv
612,125382,2019-09-26,501528.00,40,1,e8f91cbe-e12a-11e9-af5b-005056919f70.csv
611,52828,2019-09-26,211312.00,39,1,e8f31d0a-e12a-11e9-af5b-005056919f70.csv
610,684198,2019-09-26,2736792.00,37,1,e8c9ab64-e12a-11e9-af5b-005056919f70.csv
609,70746,2019-09-26,282984.00,36,1,e8c3101a-e12a-11e9-af5b-005056919f70.csv
608,79,2019-09-26,316.00,35,1,e8bfe0fc-e12a-11e9-af5b-005056919f70.csv
607,1,2019-09-26,4.00,34,1,e8bd3a78-e12a-11e9-af5b-005056919f70.csv
606,184775,2019-09-26,739100.00,17,1,e8b121a2-e12a-11e9-af5b-005056919f70.csv
605,561,2019-09-26,2244.00,15,1,e8adadd8-e12a-11e9-af5b-005056919f70.csv
604,56,2019-09-25,224.00,51,1,bed1bb90-e061-11e9-ad1a-005056919f70.csv
603,15,2019-09-25,60.00,50,1,beced2a4-e061-11e9-ad1a-005056919f70.csv
602,34064,2019-09-25,136256.00,49,1,becae068-e061-11e9-ad1a-005056919f70.csv
601,242587,2019-09-25,970348.00,48,1,bebbddf2-e061-11e9-ad1a-005056919f70.csv
600,173001,2019-09-25,692004.00,47,1,beb11eee-e061-11e9-ad1a-005056919f70.csv
599,1826,2019-09-25,7304.00,46,1,beae4b56-e061-11e9-ad1a-005056919f70.csv
598,687962,2019-09-25,2751848.00,45,1,be83b36e-e061-11e9-ad1a-005056919f70.csv
597,54241,2019-09-25,216964.00,44,1,be7e1206-e061-11e9-ad1a-005056919f70.csv
596,415392,2019-09-25,1661568.00,43,1,be6bd154-e061-11e9-ad1a-005056919f70.csv
595,53018,2019-09-25,212072.00,42,1,be66317c-e061-11e9-ad1a-005056919f70.csv
594,77811,2019-09-25,311244.00,41,1,be608808-e061-11e9-ad1a-005056919f70.csv
593,120297,2019-09-25,481188.00,40,1,be57e504-e061-11e9-ad1a-005056919f70.csv
592,47706,2019-09-25,190824.00,39,1,be50afb4-e061-11e9-ad1a-005056919f70.csv
591,677007,2019-09-25,2708028.00,37,1,be2b61d2-e061-11e9-ad1a-005056919f70.csv
590,69405,2019-09-25,277620.00,36,1,be23aff0-e061-11e9-ad1a-005056919f70.csv
589,54,2019-09-25,216.00,35,1,be20ab20-e061-11e9-ad1a-005056919f70.csv
588,177231,2019-09-25,708924.00,17,1,be1137ee-e061-11e9-ad1a-005056919f70.csv
587,520,2019-09-25,2080.00,15,1,be0dbc90-e061-11e9-ad1a-005056919f70.csv
586,42,2019-09-24,168.00,51,1,946d85f6-df98-11e9-a9da-005056919f70.csv
585,19,2019-09-24,76.00,50,1,946acff0-df98-11e9-a9da-005056919f70.csv
584,32162,2019-09-24,128648.00,49,1,9466769e-df98-11e9-a9da-005056919f70.csv
583,201786,2019-09-24,807144.00,48,1,9458e772-df98-11e9-a9da-005056919f70.csv
582,164255,2019-09-24,657020.00,47,1,944e7dbe-df98-11e9-a9da-005056919f70.csv
581,2145,2019-09-24,8580.00,46,1,944b94be-df98-11e9-a9da-005056919f70.csv
580,655239,2019-09-24,2620956.00,45,1,94216a04-df98-11e9-a9da-005056919f70.csv
579,57274,2019-09-24,229096.00,44,1,941a52b4-df98-11e9-a9da-005056919f70.csv
578,312406,2019-09-24,1249624.00,43,1,940c697e-df98-11e9-a9da-005056919f70.csv
577,65200,2019-09-24,260800.00,42,1,9403f212-df98-11e9-a9da-005056919f70.csv
576,73531,2019-09-24,294124.00,41,1,93fcf9a8-df98-11e9-a9da-005056919f70.csv
575,117925,2019-09-24,471700.00,40,1,93f416da-df98-11e9-a9da-005056919f70.csv
574,45455,2019-09-24,181820.00,39,1,93edc92e-df98-11e9-a9da-005056919f70.csv
573,634996,2019-09-24,2539984.00,37,1,93c30d88-df98-11e9-a9da-005056919f70.csv
572,65842,2019-09-24,263368.00,36,1,93bbaaca-df98-11e9-a9da-005056919f70.csv
571,53,2019-09-24,212.00,35,1,93b88d18-df98-11e9-a9da-005056919f70.csv
570,198731,2019-09-24,794924.00,17,1,93a3606e-df98-11e9-a9da-005056919f70.csv
569,504,2019-09-24,2016.00,15,1,939fcff8-df98-11e9-a9da-005056919f70.csv
568,30,2019-09-23,120.00,51,1,69ad23ae-decf-11e9-9a73-005056919f70.csv
567,12,2019-09-23,48.00,50,1,69aa2122-decf-11e9-9a73-005056919f70.csv
566,16837,2019-09-23,67348.00,49,1,69a5cafa-decf-11e9-9a73-005056919f70.csv
565,100612,2019-09-23,402448.00,48,1,699d3b7e-decf-11e9-9a73-005056919f70.csv
564,85834,2019-09-23,343336.00,47,1,69960156-decf-11e9-9a73-005056919f70.csv
563,1142,2019-09-23,4568.00,46,1,6992e8a4-decf-11e9-9a73-005056919f70.csv
562,336812,2019-09-23,1347248.00,45,1,6977c9d4-decf-11e9-9a73-005056919f70.csv
561,28644,2019-09-23,114576.00,44,1,69729284-decf-11e9-9a73-005056919f70.csv
560,191489,2019-09-23,765956.00,43,1,69664ed4-decf-11e9-9a73-005056919f70.csv
559,25565,2019-09-23,102260.00,42,1,69617044-decf-11e9-9a73-005056919f70.csv
558,36105,2019-09-23,144420.00,41,1,695bb014-decf-11e9-9a73-005056919f70.csv
557,57935,2019-09-23,231740.00,40,1,6955caf0-decf-11e9-9a73-005056919f70.csv
556,24332,2019-09-23,97328.00,39,1,6950d036-decf-11e9-9a73-005056919f70.csv
555,320235,2019-09-23,1280940.00,37,1,693afa36-decf-11e9-9a73-005056919f70.csv
554,31626,2019-09-23,126504.00,36,1,6935b954-decf-11e9-9a73-005056919f70.csv
553,9,2019-09-23,36.00,35,1,69329b66-decf-11e9-9a73-005056919f70.csv
552,82235,2019-09-23,328940.00,17,1,69292676-decf-11e9-9a73-005056919f70.csv
551,186,2019-09-23,744.00,15,1,6925198c-decf-11e9-9a73-005056919f70.csv
550,52,2019-09-22,208.00,51,1,3fa4a8ee-de06-11e9-89fb-005056919f70.csv
549,19,2019-09-22,76.00,50,1,3fa1e87a-de06-11e9-89fb-005056919f70.csv
548,32412,2019-09-22,129648.00,49,1,3f9cad7e-de06-11e9-89fb-005056919f70.csv
547,156525,2019-09-22,626100.00,48,1,3f9033dc-de06-11e9-89fb-005056919f70.csv
546,127145,2019-09-22,508580.00,47,1,3f86fbc8-de06-11e9-89fb-005056919f70.csv
545,1661,2019-09-22,6644.00,46,1,3f83ff4a-de06-11e9-89fb-005056919f70.csv
544,428042,2019-09-22,1712168.00,45,1,3f65f676-de06-11e9-89fb-005056919f70.csv
543,39294,2019-09-22,157176.00,44,1,3f60c32c-de06-11e9-89fb-005056919f70.csv
542,242607,2019-09-22,970428.00,43,1,3f549ffc-de06-11e9-89fb-005056919f70.csv
541,36387,2019-09-22,145548.00,42,1,3f4f7cac-de06-11e9-89fb-005056919f70.csv
540,55651,2019-09-22,222604.00,41,1,3f4a4f2a-de06-11e9-89fb-005056919f70.csv
539,90899,2019-09-22,363596.00,40,1,3f41f532-de06-11e9-89fb-005056919f70.csv
538,32322,2019-09-22,129288.00,39,1,3f3d11e8-de06-11e9-89fb-005056919f70.csv
537,461433,2019-09-22,1845732.00,37,1,3f220696-de06-11e9-89fb-005056919f70.csv
536,44298,2019-09-22,177192.00,36,1,3f1ced32-de06-11e9-89fb-005056919f70.csv
535,4,2019-09-22,16.00,35,1,3f19b36a-de06-11e9-89fb-005056919f70.csv
534,1,2019-09-22,4.00,34,1,3f168910-de06-11e9-89fb-005056919f70.csv
533,111040,2019-09-22,444160.00,17,1,3f0d0c96-de06-11e9-89fb-005056919f70.csv
532,359,2019-09-22,1436.00,15,1,3f095376-de06-11e9-89fb-005056919f70.csv
531,56,2019-09-21,224.00,51,1,1562d5e8-dd3d-11e9-9660-005056919f70.csv
530,17,2019-09-21,68.00,50,1,15603630-dd3d-11e9-9660-005056919f70.csv
529,39324,2019-09-21,157296.00,49,1,155c2496-dd3d-11e9-9660-005056919f70.csv
528,188382,2019-09-21,753528.00,48,1,154ffbd0-dd3d-11e9-9660-005056919f70.csv
527,153685,2019-09-21,614740.00,47,1,15465ff8-dd3d-11e9-9660-005056919f70.csv
526,2156,2019-09-21,8624.00,46,1,1541eafe-dd3d-11e9-9660-005056919f70.csv
525,535244,2019-09-21,2140976.00,45,1,15204822-dd3d-11e9-9660-005056919f70.csv
524,45757,2019-09-21,183028.00,44,1,151add06-dd3d-11e9-9660-005056919f70.csv
523,290886,2019-09-21,1163544.00,43,1,150e9208-dd3d-11e9-9660-005056919f70.csv
522,42998,2019-09-21,171992.00,42,1,1508e510-dd3d-11e9-9660-005056919f70.csv
521,67132,2019-09-21,268528.00,41,1,1503337c-dd3d-11e9-9660-005056919f70.csv
520,111206,2019-09-21,444824.00,40,1,14fba1ac-dd3d-11e9-9660-005056919f70.csv
519,46334,2019-09-21,185336.00,39,1,14f62010-dd3d-11e9-9660-005056919f70.csv
518,601479,2019-09-21,2405916.00,37,1,14d6b626-dd3d-11e9-9660-005056919f70.csv
517,51953,2019-09-21,207812.00,36,1,14d1b3b0-dd3d-11e9-9660-005056919f70.csv
516,16,2019-09-21,64.00,35,1,14cf3734-dd3d-11e9-9660-005056919f70.csv
515,145689,2019-09-21,582756.00,17,1,14c40efe-dd3d-11e9-9660-005056919f70.csv
514,538,2019-09-21,2152.00,15,1,14c0ede6-dd3d-11e9-9660-005056919f70.csv
513,52,2019-09-20,208.00,51,1,eb044d96-dc73-11e9-bce3-005056919f70.csv
512,21,2019-09-20,84.00,50,1,eb01a1ae-dc73-11e9-bce3-005056919f70.csv
511,36836,2019-09-20,147344.00,49,1,eafcc15c-dc73-11e9-bce3-005056919f70.csv
510,206538,2019-09-20,826152.00,48,1,eaed4240-dc73-11e9-bce3-005056919f70.csv
509,171038,2019-09-20,684152.00,47,1,eae21726-dc73-11e9-bce3-005056919f70.csv
508,2365,2019-09-20,9460.00,46,1,eadf6d78-dc73-11e9-bce3-005056919f70.csv
507,611281,2019-09-20,2445124.00,45,1,eab50bdc-dc73-11e9-bce3-005056919f70.csv
506,50563,2019-09-20,202252.00,44,1,eaaf6b5a-dc73-11e9-bce3-005056919f70.csv
505,334310,2019-09-20,1337240.00,43,1,ea9fc04c-dc73-11e9-bce3-005056919f70.csv
504,54469,2019-09-20,217876.00,42,1,ea9a0ecc-dc73-11e9-bce3-005056919f70.csv
503,88907,2019-09-20,355628.00,41,1,ea939a74-dc73-11e9-bce3-005056919f70.csv
502,119477,2019-09-20,477908.00,40,1,ea8b167e-dc73-11e9-bce3-005056919f70.csv
501,55340,2019-09-20,221360.00,39,1,ea8556e4-dc73-11e9-bce3-005056919f70.csv
500,692175,2019-09-20,2768700.00,37,1,ea5c51ae-dc73-11e9-bce3-005056919f70.csv
499,62079,2019-09-20,248316.00,36,1,ea56da94-dc73-11e9-bce3-005056919f70.csv
498,11,2019-09-20,44.00,35,1,ea53d934-dc73-11e9-bce3-005056919f70.csv
497,186401,2019-09-20,745604.00,17,1,ea464094-dc73-11e9-bce3-005056919f70.csv
496,548,2019-09-20,2192.00,15,1,ea42680c-dc73-11e9-bce3-005056919f70.csv
495,45,2019-09-19,180.00,51,1,9d5920e0-dc54-11e9-80db-005056919f70.csv
494,19,2019-09-19,76.00,50,1,9d56d844-dc54-11e9-80db-005056919f70.csv
493,26304,2019-09-19,105216.00,49,1,9d532bcc-dc54-11e9-80db-005056919f70.csv
492,197924,2019-09-19,791696.00,48,1,9d475b44-dc54-11e9-80db-005056919f70.csv
491,171899,2019-09-19,687596.00,47,1,9d3d898e-dc54-11e9-80db-005056919f70.csv
490,2186,2019-09-19,8744.00,46,1,9d3b20ae-dc54-11e9-80db-005056919f70.csv
489,539741,2019-09-19,2158964.00,45,1,9d19b504-dc54-11e9-80db-005056919f70.csv
488,49020,2019-09-19,196080.00,44,1,9d14ef06-dc54-11e9-80db-005056919f70.csv
487,307474,2019-09-19,1229896.00,43,1,9d07fff8-dc54-11e9-80db-005056919f70.csv
486,50208,2019-09-19,200832.00,42,1,9d02e9dc-dc54-11e9-80db-005056919f70.csv
485,80671,2019-09-19,322684.00,41,1,9cfcf4e6-dc54-11e9-80db-005056919f70.csv
484,121172,2019-09-19,484688.00,40,1,9cf55010-dc54-11e9-80db-005056919f70.csv
483,46721,2019-09-19,186884.00,39,1,9cefb5b0-dc54-11e9-80db-005056919f70.csv
482,632688,2019-09-19,2530752.00,37,1,9cc6ef22-dc54-11e9-80db-005056919f70.csv
481,58486,2019-09-19,233944.00,36,1,9cc189c4-dc54-11e9-80db-005056919f70.csv
480,16,2019-09-19,64.00,35,1,9cbec86a-dc54-11e9-80db-005056919f70.csv
479,1,2019-09-19,4.00,34,1,9cbc26fa-dc54-11e9-80db-005056919f70.csv
478,159734,2019-09-19,638936.00,17,1,9cb12124-dc54-11e9-80db-005056919f70.csv
477,458,2019-09-19,1832.00,15,1,9cadb7be-dc54-11e9-80db-005056919f70.csv
476,67,2019-09-18,268.00,51,1,9651fa7a-dae1-11e9-94c3-005056919f70.csv
475,68,2019-09-18,272.00,50,1,964ebda6-dae1-11e9-94c3-005056919f70.csv
474,24103,2019-09-18,96412.00,49,1,964ade66-dae1-11e9-94c3-005056919f70.csv
473,202181,2019-09-18,808724.00,48,1,963e4070-dae1-11e9-94c3-005056919f70.csv
472,206087,2019-09-18,824348.00,47,1,962d58a0-dae1-11e9-94c3-005056919f70.csv
471,2612,2019-09-18,10448.00,46,1,9629ebd4-dae1-11e9-94c3-005056919f70.csv
470,635736,2019-09-18,2542944.00,45,1,95f225b4-dae1-11e9-94c3-005056919f70.csv
469,51186,2019-09-18,204744.00,44,1,95eb8d3a-dae1-11e9-94c3-005056919f70.csv
468,309179,2019-09-18,1236716.00,43,1,95dbf2d0-dae1-11e9-94c3-005056919f70.csv
467,50270,2019-09-18,201080.00,42,1,95d6b6a8-dae1-11e9-94c3-005056919f70.csv
466,77197,2019-09-18,308788.00,41,1,95d0aba0-dae1-11e9-94c3-005056919f70.csv
465,115454,2019-09-18,461816.00,40,1,95c9832a-dae1-11e9-94c3-005056919f70.csv
464,42399,2019-09-18,169596.00,39,1,95c442b6-dae1-11e9-94c3-005056919f70.csv
463,1,2019-09-18,4.00,38,1,95c19552-dae1-11e9-94c3-005056919f70.csv
462,619743,2019-09-18,2478972.00,37,1,959e50b0-dae1-11e9-94c3-005056919f70.csv
461,62591,2019-09-18,250364.00,36,1,9597d532-dae1-11e9-94c3-005056919f70.csv
460,17,2019-09-18,68.00,35,1,95944d2c-dae1-11e9-94c3-005056919f70.csv
459,1,2019-09-18,4.00,34,1,9590b860-dae1-11e9-94c3-005056919f70.csv
458,164863,2019-09-18,659452.00,17,1,95827386-dae1-11e9-94c3-005056919f70.csv
457,542,2019-09-18,2168.00,15,1,957dbfb2-dae1-11e9-94c3-005056919f70.csv
456,76,2019-09-17,304.00,51,1,6ba07eb0-da18-11e9-aec4-005056919f70.csv
455,107,2019-09-17,428.00,50,1,6b9dd41c-da18-11e9-aec4-005056919f70.csv
454,20861,2019-09-17,83444.00,49,1,6b9a842e-da18-11e9-aec4-005056919f70.csv
453,204032,2019-09-17,816128.00,48,1,6b8ddd32-da18-11e9-aec4-005056919f70.csv
452,166526,2019-09-17,666104.00,47,1,6b838e72-da18-11e9-aec4-005056919f70.csv
451,2590,2019-09-17,10360.00,46,1,6b80b92c-da18-11e9-aec4-005056919f70.csv
450,551086,2019-09-17,2204344.00,45,1,6b5f8a68-da18-11e9-aec4-005056919f70.csv
449,52726,2019-09-17,210904.00,44,1,6b598a50-da18-11e9-aec4-005056919f70.csv
448,322645,2019-09-17,1290580.00,43,1,6b4a4dba-da18-11e9-aec4-005056919f70.csv
447,52490,2019-09-17,209960.00,42,1,6b44faea-da18-11e9-aec4-005056919f70.csv
446,74460,2019-09-17,297840.00,41,1,6b401908-da18-11e9-aec4-005056919f70.csv
445,116670,2019-09-17,466680.00,40,1,6b386d34-da18-11e9-aec4-005056919f70.csv
444,46316,2019-09-17,185264.00,39,1,6b330dc6-da18-11e9-aec4-005056919f70.csv
443,619636,2019-09-17,2478544.00,37,1,6b1027ca-da18-11e9-aec4-005056919f70.csv
442,58721,2019-09-17,234884.00,36,1,6b09107a-da18-11e9-aec4-005056919f70.csv
441,22,2019-09-17,88.00,35,1,6b063526-da18-11e9-aec4-005056919f70.csv
440,158442,2019-09-17,633768.00,17,1,6af9478a-da18-11e9-aec4-005056919f70.csv
439,521,2019-09-17,2084.00,15,1,6af4f63a-da18-11e9-aec4-005056919f70.csv
438,23365,2019-09-16,93460.00,49,1,4cd31646-d950-11e9-a60a-005056919f70.csv
437,208225,2019-09-16,832900.00,48,1,4cc4456c-d950-11e9-a60a-005056919f70.csv
436,162950,2019-09-16,651800.00,47,1,4cb8b97c-d950-11e9-a60a-005056919f70.csv
435,2417,2019-09-16,9668.00,46,1,4cb5a76e-d950-11e9-a60a-005056919f70.csv
434,570175,2019-09-16,2280700.00,45,1,4c8be136-d950-11e9-a60a-005056919f70.csv
433,63653,2019-09-16,254612.00,44,1,4c845d44-d950-11e9-a60a-005056919f70.csv
432,312405,2019-09-16,1249620.00,43,1,4c74a296-d950-11e9-a60a-005056919f70.csv
431,55856,2019-09-16,223424.00,42,1,4c6e9aae-d950-11e9-a60a-005056919f70.csv
430,77308,2019-09-16,309232.00,41,1,4c67adc0-d950-11e9-a60a-005056919f70.csv
429,116370,2019-09-16,465480.00,40,1,4c5dde80-d950-11e9-a60a-005056919f70.csv
428,46440,2019-09-16,185760.00,39,1,4c571db6-d950-11e9-a60a-005056919f70.csv
427,1,2019-09-16,4.00,38,1,4c544b86-d950-11e9-a60a-005056919f70.csv
426,630094,2019-09-16,2520376.00,37,1,4c2bab7c-d950-11e9-a60a-005056919f70.csv
425,56303,2019-09-16,225212.00,36,1,4c25d5b2-d950-11e9-a60a-005056919f70.csv
424,25,2019-09-16,100.00,35,1,4c2350c6-d950-11e9-a60a-005056919f70.csv
423,152066,2019-09-16,608264.00,17,1,4c1657f4-d950-11e9-a60a-005056919f70.csv
422,457,2019-09-16,1828.00,15,1,4c12c4cc-d950-11e9-a60a-005056919f70.csv
421,16478,2019-09-15,65912.00,49,1,60526b76-d8d4-11e9-b889-005056919f70.csv
420,167075,2019-09-15,668300.00,48,1,6047abdc-d8d4-11e9-b889-005056919f70.csv
419,124324,2019-09-15,497296.00,47,1,603f8cf4-d8d4-11e9-b889-005056919f70.csv
418,2395,2019-09-15,9580.00,46,1,603d00f6-d8d4-11e9-b889-005056919f70.csv
417,400475,2019-09-15,1601900.00,45,1,601ffb14-d8d4-11e9-b889-005056919f70.csv
416,61992,2019-09-15,247968.00,44,1,60197d0c-d8d4-11e9-b889-005056919f70.csv
415,254856,2019-09-15,1019424.00,43,1,600c9bc8-d8d4-11e9-b889-005056919f70.csv
414,36817,2019-09-15,147268.00,42,1,6007fdc0-d8d4-11e9-b889-005056919f70.csv
413,57337,2019-09-15,229348.00,41,1,6002be50-d8d4-11e9-b889-005056919f70.csv
412,84245,2019-09-15,336980.00,40,1,5ffbaf3e-d8d4-11e9-b889-005056919f70.csv
411,35613,2019-09-15,142452.00,39,1,5ff6c456-d8d4-11e9-b889-005056919f70.csv
410,1,2019-09-15,4.00,38,1,5ff3ffbe-d8d4-11e9-b889-005056919f70.csv
409,456892,2019-09-15,1827568.00,37,1,5fd70de6-d8d4-11e9-b889-005056919f70.csv
408,35505,2019-09-15,142020.00,36,1,5fd36006-d8d4-11e9-b889-005056919f70.csv
407,4,2019-09-15,16.00,35,1,5fd10d7e-d8d4-11e9-b889-005056919f70.csv
406,106815,2019-09-15,427260.00,17,1,5fc7331c-d8d4-11e9-b889-005056919f70.csv
405,442,2019-09-15,1768.00,15,1,5fc41790-d8d4-11e9-b889-005056919f70.csv
404,22298,2019-09-14,89192.00,49,1,4e2b5c42-d7c5-11e9-b4e7-005056919f70.csv
403,186841,2019-09-14,747364.00,48,1,4e1f2486-d7c5-11e9-b4e7-005056919f70.csv
402,150137,2019-09-14,600548.00,47,1,4e147e46-d7c5-11e9-b4e7-005056919f70.csv
401,2350,2019-09-14,9400.00,46,1,4e110446-d7c5-11e9-b4e7-005056919f70.csv
400,472253,2019-09-14,1889012.00,45,1,4df02d34-d7c5-11e9-b4e7-005056919f70.csv
399,49002,2019-09-14,196008.00,44,1,4dea74f2-d7c5-11e9-b4e7-005056919f70.csv
398,276969,2019-09-14,1107876.00,43,1,4ddcdaea-d7c5-11e9-b4e7-005056919f70.csv
397,45207,2019-09-14,180828.00,42,1,4dd6f6b6-d7c5-11e9-b4e7-005056919f70.csv
396,68124,2019-09-14,272496.00,41,1,4dd1fc60-d7c5-11e9-b4e7-005056919f70.csv
395,97314,2019-09-14,389256.00,40,1,4dca26e8-d7c5-11e9-b4e7-005056919f70.csv
394,41674,2019-09-14,166696.00,39,1,4dc44c00-d7c5-11e9-b4e7-005056919f70.csv
393,565829,2019-09-14,2263316.00,37,1,4d9fcc72-d7c5-11e9-b4e7-005056919f70.csv
392,43737,2019-09-14,174948.00,36,1,4d9aaeae-d7c5-11e9-b4e7-005056919f70.csv
391,42,2019-09-14,168.00,35,1,4d977d88-d7c5-11e9-b4e7-005056919f70.csv
390,129543,2019-09-14,518172.00,17,1,4d8cb8bc-d7c5-11e9-b4e7-005056919f70.csv
389,421,2019-09-14,1684.00,15,1,4d89869c-d7c5-11e9-b4e7-005056919f70.csv
388,33738,2019-09-13,134952.00,49,1,8204de70-d712-11e9-9bf1-005056919f70.csv
387,211417,2019-09-13,845668.00,48,1,81f8f0b0-d712-11e9-9bf1-005056919f70.csv
386,182060,2019-09-13,728240.00,47,1,81ec4e5a-d712-11e9-9bf1-005056919f70.csv
385,2894,2019-09-13,11576.00,46,1,81e97d24-d712-11e9-9bf1-005056919f70.csv
384,601832,2019-09-13,2407328.00,45,1,81c15592-d712-11e9-9bf1-005056919f70.csv
383,62833,2019-09-13,251332.00,44,1,81bae270-d712-11e9-9bf1-005056919f70.csv
382,333566,2019-09-13,1334264.00,43,1,81ad5f4c-d712-11e9-9bf1-005056919f70.csv
381,55732,2019-09-13,222928.00,42,1,81a7949a-d712-11e9-9bf1-005056919f70.csv
380,84090,2019-09-13,336360.00,41,1,81a1af3a-d712-11e9-9bf1-005056919f70.csv
379,121141,2019-09-13,484564.00,40,1,81997c66-d712-11e9-9bf1-005056919f70.csv
378,47925,2019-09-13,191700.00,39,1,8194b276-d712-11e9-9bf1-005056919f70.csv
377,655022,2019-09-13,2620088.00,37,1,816c7554-d712-11e9-9bf1-005056919f70.csv
376,53787,2019-09-13,215148.00,36,1,81662be0-d712-11e9-9bf1-005056919f70.csv
375,18,2019-09-13,72.00,35,1,816351ea-d712-11e9-9bf1-005056919f70.csv
374,172666,2019-09-13,690664.00,17,1,815554b4-d712-11e9-9bf1-005056919f70.csv
373,597,2019-09-13,2388.00,15,1,8150b51c-d712-11e9-9bf1-005056919f70.csv
372,24979,2019-09-12,99916.00,49,1,bdf67652-d643-11e9-9ff0-005056919f70.csv
371,225984,2019-09-12,903936.00,48,1,bde80518-d643-11e9-9ff0-005056919f70.csv
370,175872,2019-09-12,703488.00,47,1,bddd4c22-d643-11e9-9ff0-005056919f70.csv
369,2751,2019-09-12,11004.00,46,1,bdda68ea-d643-11e9-9ff0-005056919f70.csv
368,563147,2019-09-12,2252588.00,45,1,bdb8d842-d643-11e9-9ff0-005056919f70.csv
367,60743,2019-09-12,242972.00,44,1,bdb34ac6-d643-11e9-9ff0-005056919f70.csv
366,328220,2019-09-12,1312880.00,43,1,bda2c412-d643-11e9-9ff0-005056919f70.csv
365,55246,2019-09-12,220984.00,42,1,bd9c5dc0-d643-11e9-9ff0-005056919f70.csv
364,85092,2019-09-12,340368.00,41,1,bd96f664-d643-11e9-9ff0-005056919f70.csv
363,116502,2019-09-12,466008.00,40,1,bd8f5d28-d643-11e9-9ff0-005056919f70.csv
362,46429,2019-09-12,185716.00,39,1,bd89f680-d643-11e9-9ff0-005056919f70.csv
361,642169,2019-09-12,2568676.00,37,1,bd67edf6-d643-11e9-9ff0-005056919f70.csv
360,51184,2019-09-12,204736.00,36,1,bd630566-d643-11e9-9ff0-005056919f70.csv
359,1,2019-09-12,4.00,35,1,bd60367e-d643-11e9-9ff0-005056919f70.csv
358,157319,2019-09-12,629276.00,17,1,bd550e2a-d643-11e9-9ff0-005056919f70.csv
357,520,2019-09-12,2080.00,15,1,bd517a1c-d643-11e9-9ff0-005056919f70.csv
356,24560,2019-09-11,98240.00,49,1,1d339dd2-d56a-11e9-be08-005056919f70.csv
355,235799,2019-09-11,943196.00,48,1,1d23506c-d56a-11e9-be08-005056919f70.csv
354,168949,2019-09-11,675796.00,47,1,1d17fe42-d56a-11e9-be08-005056919f70.csv
353,4331,2019-09-11,17324.00,46,1,1d14d032-d56a-11e9-be08-005056919f70.csv
352,555193,2019-09-11,2220772.00,45,1,1cec84a6-d56a-11e9-be08-005056919f70.csv
351,55380,2019-09-11,221520.00,44,1,1ce5a334-d56a-11e9-be08-005056919f70.csv
350,330733,2019-09-11,1322932.00,43,1,1cd4814e-d56a-11e9-be08-005056919f70.csv
349,54845,2019-09-11,219380.00,42,1,1ccdb580-d56a-11e9-be08-005056919f70.csv
348,86491,2019-09-11,345964.00,41,1,1cc6237e-d56a-11e9-be08-005056919f70.csv
347,115259,2019-09-11,461036.00,40,1,1cbc0858-d56a-11e9-be08-005056919f70.csv
346,43818,2019-09-11,175272.00,39,1,1cb701f0-d56a-11e9-be08-005056919f70.csv
345,642242,2019-09-11,2568968.00,37,1,1c919cd0-d56a-11e9-be08-005056919f70.csv
344,50629,2019-09-11,202516.00,36,1,1c8ce410-d56a-11e9-be08-005056919f70.csv
343,17,2019-09-11,68.00,35,1,1c89ddba-d56a-11e9-be08-005056919f70.csv
342,1,2019-09-11,4.00,34,1,1c87009a-d56a-11e9-be08-005056919f70.csv
341,159139,2019-09-11,636556.00,17,1,1c78757a-d56a-11e9-be08-005056919f70.csv
340,549,2019-09-11,2196.00,15,1,1c75552a-d56a-11e9-be08-005056919f70.csv
339,25436,2019-09-10,101744.00,49,1,f57cb4c8-d522-11e9-b4c3-005056919f70.csv
338,244520,2019-09-10,978080.00,48,1,f56a6ab6-d522-11e9-b4c3-005056919f70.csv
337,171950,2019-09-10,687800.00,47,1,f5604572-d522-11e9-b4c3-005056919f70.csv
336,2820,2019-09-10,11280.00,46,1,f55d86ac-d522-11e9-b4c3-005056919f70.csv
335,561996,2019-09-10,2247984.00,45,1,f53ad4d6-d522-11e9-b4c3-005056919f70.csv
334,55151,2019-09-10,220604.00,44,1,f533ff8a-d522-11e9-b4c3-005056919f70.csv
333,330242,2019-09-10,1320968.00,43,1,f52486e0-d522-11e9-b4c3-005056919f70.csv
332,59048,2019-09-10,236192.00,42,1,f51cd2a6-d522-11e9-b4c3-005056919f70.csv
331,90045,2019-09-10,360180.00,41,1,f516a764-d522-11e9-b4c3-005056919f70.csv
330,118888,2019-09-10,475552.00,40,1,f50ddb66-d522-11e9-b4c3-005056919f70.csv
329,44199,2019-09-10,176796.00,39,1,f5082a7c-d522-11e9-b4c3-005056919f70.csv
328,661219,2019-09-10,2644876.00,37,1,f4e47fe6-d522-11e9-b4c3-005056919f70.csv
327,49634,2019-09-10,198536.00,36,1,f4de8bfe-d522-11e9-b4c3-005056919f70.csv
326,84,2019-09-10,336.00,35,1,f4db9714-d522-11e9-b4c3-005056919f70.csv
325,157658,2019-09-10,630632.00,17,1,f4cef6bc-d522-11e9-b4c3-005056919f70.csv
324,578,2019-09-10,2312.00,15,1,f4cb4b16-d522-11e9-b4c3-005056919f70.csv
323,25144,2019-09-09,100576.00,49,1,5150c194-d3ee-11e9-8801-005056919f70.csv
322,234084,2019-09-09,936336.00,48,1,51428430-d3ee-11e9-8801-005056919f70.csv
321,199050,2019-09-09,796200.00,47,1,513738be-d3ee-11e9-8801-005056919f70.csv
320,2132,2019-09-09,8528.00,46,1,5133cba2-d3ee-11e9-8801-005056919f70.csv
